id,company,title,link,date,fetched_at,summary_ai,impact_for_zhone
b8a13cf6-056e-4070-84e6-06e7b9154f35,TELUS,TELUS Announces Cash Tender Offers for Seven Series of Debt Securities,https://www.telus.com/about/news-and-events/media-releases/telus-announces-cash-tender-offers-for-seven-series-of-debt-securities,12/10/2025,2025-12-11T14:14:44.522904+00:00,,
343264cb-37b5-42d6-960e-178c5744b3a2,TELUS,TELUS partners with Qohash to bring advanced data security to Fuel iX™,https://www.telus.com/about/news-and-events/media-releases/TELUS-partners-with-Qohash-to-bring-advanced-data-security-to-Fuel-iX,12/10/2025,2025-12-11T14:14:44.522904+00:00,,
5f757b95-62f3-4239-bced-eb2bf04b2c6c,TELUS,TELUS provides three-year free cash flow growth target,https://www.telus.com/about/news-and-events/media-releases/telus-provides-three-year-free-cash-flow-growth-target,12/3/2025,2025-12-11T14:14:44.522904+00:00,,
35f8eb81-ef32-4833-a4cd-dc81dee76036,TELUS,The TELUS Friendly Future Foundation and Belonging Network announce $1M bursary partnership,https://www.telus.com/about/news-and-events/media-releases/telus-future-friendly-foundation-belonging-network-bursary,11/21/2025,2025-12-11T14:14:44.522904+00:00,,
0d6d7c83-8586-4aec-a252-fec9f7051944,TELUS,TELUS launches 2025 Indigenous Reconciliation and Connectivity Report: Progress and Partnerships for Transformative Change,https://www.telus.com/about/news-and-events/media-releases/TELUS-launches-2025-Indigenous-Reconciliation-and-Connectivity-Report-Progress-and-Partnerships-for-Transformative-Change,11/19/2025,2025-12-11T14:14:44.522904+00:00,,
4687ff5e-20d0-4475-8b09-376f887fa339,TELUS,TELUS Sovereign AI Factory named Canada’s fastest and most powerful supercomputer,https://www.telus.com/about/news-and-events/media-releases/TELUS-Sovereign-AI-Factory-named-Canadas-fastest-and-most-powerful-supercomputer,11/17/2025,2025-12-11T14:14:44.522904+00:00,,
c437420b-5952-441d-9d9a-5878810084ff,TELUS,TELUS Launches Quantum-Safe VPN Service Designed to Future-Proof Customer Security Against Emerging Cyber Threats,https://www.telus.com/about/news-and-events/media-releases/telus-launches-quantum-safe-vpn-service,11/14/2025,2025-12-11T14:14:44.522904+00:00,,
a5472935-706f-47be-b837-35126b2ee3c5,TELUS,TELUS Living breaks ground on 55-unit Vancouver-Point Grey development,https://www.telus.com/about/news-and-events/media-releases/telus-living-vancouver-point-grey,11/12/2025,2025-12-11T14:14:44.522904+00:00,,
2b35af50-6fcf-4518-b786-7a19e8590417,TELUS,The North Shore submarine cable sets sail: TELUS kicks off deployment work,https://www.telus.com/about/news-and-events/media-releases/the-north-shore-submarine-cable-sets-sail-telus-kicks-off-deployment-work,11/7/2025,2025-12-11T14:14:44.522904+00:00,,
a867a88d-19e5-4a3d-acd9-f8ccc8e94c3d,TELUS,TELUS reports strong operational and financial results for third quarter 2025,https://www.telus.com/about/news-and-events/media-releases/telus-reports-strong-operational-and-financial-results-for-third-quarter-2025,11/7/2025,2025-12-11T14:14:44.522904+00:00,,
a116a032-8931-4894-bc55-94f432bb4a82,TELUS,TELUS Completes Privatization of TELUS Digital,https://www.telus.com/about/news-and-events/media-releases/telus-completes-privatization-of-telus-digital,10/31/2025,2025-12-11T14:14:44.522904+00:00,,
2a004e6e-7d4e-4ec4-9987-a3ff82d7d099,TELUS,EY Canada deploys its FlexiGenAI platform on TELUS' Sovereign AI Factory to accelerate agentic AI innovation,https://www.telus.com/about/news-and-events/media-releases/EY-Canada-deploys-its-FlexiGenAI-platform-on-TELUS-Sovereign-AI-Factory-to-accelerate-agentic-AI-innovation,10/30/2025,2025-12-11T14:14:44.522904+00:00,,
7ee70d26-59b1-4fc7-8d70-0077fcdb11ac,TELUS,Win a trip to Costa Rica while uplifting Canadian students: TELUS Friendly Future Foundation launches second annual sweepstakes,https://www.telus.com/about/news-and-events/media-releases/second-annual-TELUS-Friendly-Future-Foundation-sweepstakes,10/29/2025,2025-12-11T14:14:44.522904+00:00,,
ed40dfca-6023-4d92-b415-36c030249da0,TELUS,TELUS and Indigenomics partner to advance Indigenous economic outcomes using sovereign AI,https://www.telus.com/about/news-and-events/media-releases/TELUS-and-Indigenomics-partner-to-advance-Indigenous-economic-outcomes-using-sovereign-AI,10/28/2025,2025-12-11T14:14:44.522904+00:00,,
21cf7027-8e56-4147-8d41-fdf126d5dbef,TELUS,"Gen Z, the first AI generation, believe AI’s future is in the classroom",https://www.telus.com/about/news-and-events/media-releases/Gen-Z-the-first-AI-generation-believe-AIs-future-is-in-the-classroom,10/21/2025,2025-12-11T14:14:44.522904+00:00,,
3a7448d7-6750-4bbd-94a4-5c79e26b0c97,TELUS,TELUS announces #StandWithOwners 2025 winners,https://www.telus.com/about/news-and-events/media-releases/stand-with-owners-2025-winners,10/21/2025,2025-12-11T14:14:44.522904+00:00,,
f0b2bdad-760c-4c03-b88e-d8f8553d2a19,TELUS,WestJet and TELUS unite rewards programs to bring more value to Canadians through linked loyalty platforms,https://www.telus.com/about/news-and-events/media-releases/WestJet-and-TELUS-Rewards-Programs,10/15/2025,2025-12-11T14:14:44.522904+00:00,,
7e956e0f-046c-4fce-be75-50e5c4c9385d,TELUS,TELUS Exceeds Expectations to Earn Silver in Indigenous Relations Certification,https://www.telus.com/about/news-and-events/media-releases/telus-exceeds-expectations-to-earn-silver-in-indigenous-relations-certification,10/9/2025,2025-12-11T14:14:44.522904+00:00,,
58ce5746-6190-41f8-905b-dc33f2bf0069,TELUS,TELUS Delivers Industry-Leading Email Security with 99.7% Phishing Protection Rate,https://www.telus.com/about/news-and-events/media-releases/telus-email-protection-service-advanced,10/1/2025,2025-12-11T14:14:44.522904+00:00,,
50ccd471-adef-4344-b2f4-6cde8e6fc656,TELUS,"TELUS launches Greater London Community Board, committing £1M to youth-focused charities",https://www.telus.com/about/news-and-events/media-releases/TELUS-launches-Greater-London-Community-Board-committing-1M-to-youth-focused-charities,9/25/2025,2025-12-11T14:14:44.522904+00:00,,
a8502d99-8c8e-47eb-808b-6c61f7a8b06a,TELUS,TELUS and League will partner to support Canadian healthcare innovation with sovereign AI,https://www.telus.com/about/news-and-events/media-releases/TELUS-and-League-will-partner-to-support-Canadian-healthcare-innovation-with-sovereign-AI,9/25/2025,2025-12-11T14:14:44.522904+00:00,,
6519e78a-8ac3-42dc-a66a-02ff198931fa,TELUS,TELUS opens Canada's first fully Sovereign AI Factory,https://www.telus.com/about/news-and-events/media-releases/telus-opens-canadas-first-fully-sovereign-ai-factory,9/24/2025,2025-12-11T14:14:44.522904+00:00,,
c2a1833d-b2d2-41fe-b88f-87b5a7c63d35,TELUS,TELUS Reaches Historic Planting of 25 Million Tree Milestone During National Forest Week,https://www.telus.com/about/news-and-events/media-releases/TELUS-Reaches-Historic-Planting-of-25-Million-Tree-Milestone-During-National-Forest-Week,9/23/2025,2025-12-11T14:14:44.522904+00:00,,
22c23813-2489-4725-85f7-f16d04147e0a,TELUS,SURVEY: Market uncertainty and international tariffs prompt organizations to take more cautious approach to salary planning,https://www.telus.com/about/news-and-events/media-releases/survey-market-uncertainty-and-international-tariffs-prompt-organizations-to-take-more-cautious-approach-to-salary-planning,9/18/2025,2025-12-11T14:14:44.522904+00:00,,
2e501125-7e94-4169-b829-769a7db6d4c8,TELUS,TELUS PureFibre services are coming to Sylvan Lake,https://www.telus.com/about/news-and-events/media-releases/telus-pure-fibre-services-are-coming-to-sylvan-lake,9/18/2025,2025-12-11T14:14:44.522904+00:00,,
f13464b9-781e-490a-886d-70dc23e9f0fe,TELUS,"TELUS to Offer the New iPhone 17, iPhone Air, iPhone 17 Pro and iPhone 17 Pro Max",https://www.telus.com/about/news-and-events/media-releases/telus-offers-all-new-iphone-17-plus-pro-max,9/12/2025,2025-12-11T14:14:44.522904+00:00,,
a42606c4-f6b7-47e4-9e84-c3b8285b6a07,TELUS,TELUS Wins OneTrust Innovation Award Release,https://www.telus.com/about/news-and-events/media-releases/TELUS-Wins-OneTrust-Innovation-Award,9/12/2025,2025-12-11T14:14:44.522904+00:00,,
30bb8cbc-422f-4ca3-817f-c3cd70d0d6b3,TELUS,"TELUS closes deal with La Caisse, which has acquired a 49.9% interest in Canadian wireless tower infrastructure operator Terrion",https://www.telus.com/about/news-and-events/media-releases/telus-closes-deal-with-la-caisse-which-has-acquired-a-49-9-interest-in-canadian-wireless-tower-infrastructure-operator-terrion,9/11/2025,2025-12-11T14:14:44.522904+00:00,,
4b40a037-e700-4c7c-b3a2-b5d464cec68d,TELUS,TELUS Health for Good™ and Kilala Lelum bring life-saving ultrasound technology to Vancouver’s Downtown Eastside,https://www.telus.com/about/news-and-events/media-releases/TELUS-Health-for-Good-and-Kilala-Lelum-bring-life-saving-ultrasound-technology-to-Vancouvers-Downtown-Eastside,9/9/2025,2025-12-11T14:14:44.522904+00:00,,
d709e6af-97e0-4536-8637-a6f69ed8ce55,TELUS,TELUS and TELUS Digital Enter into a Definitive Arrangement Agreement for TELUS to Acquire Full Ownership of TELUS Digital,https://www.telus.com/about/news-and-events/media-releases/telus-and-telus-digital-enter-into-a-definitive-arrangement-agreement-for-telus-to=acquire-full-ownership-of-telus-digital,9/2/2025,2025-12-11T14:14:44.522904+00:00,,
9b5ef45d-0fd2-411f-af0b-820bbf08474b,TELUS,FreeTelecom Partners with TELUS to Launch Industry-First Dual Mobile Service for Korean-Canadian Market,https://www.telus.com/about/news-and-events/media-releases/freetelecom-dual-plan-officially-unveiled-at-toronto-korean-festival-delivering-seamless-connectivity-between-korea-and-canada,8/27/2025,2025-12-11T14:14:44.522904+00:00,,
eeb06c9f-be39-408d-876e-4d454e95a414,TELUS,TELUS reports operational and financial results for second quarter 2025,https://www.telus.com/about/news-and-events/media-releases/telus-reports-operational-and-financial-results-for-second-quarter-2025,8/1/2025,2025-12-11T14:14:44.522904+00:00,,
a19b48af-1000-4a42-b705-48c58dd0f2b3,TELUS,TELUS announces partnership with La Caisse who will acquire a 49.9% interest in newly formed Canadian wireless tower infrastructure operator Terrion for $1.26 billion,https://www.telus.com/about/news-and-events/media-releases/telus-announces-partnership-with-la-caisse-who-will-acquire-a-49-9-interest-in-newly-formed-canadian-wireless-tower-infrastructure-operator-terrion-for-1-26-billion,8/1/2025,2025-12-11T14:14:44.522904+00:00,,
13eb8672-e43c-4f4e-bac2-5525c13ee02f,TELUS,TELUS launches Wi-Fi 7 with Canada’s most reliable internet technology,https://www.telus.com/about/news-and-events/media-releases/TELUS-launches-Wi-Fi-7-with-Canadas-most-reliable-internet-technology,7/29/2025,2025-12-11T14:14:44.522904+00:00,,
32960055-e44b-4e8a-9cc0-ae3c99fc3f19,TELUS,Food compliance bears fruit with TELUS-Welch's breakthrough partnership,https://www.telus.com/about/news-and-events/media-releases/food-compliance-bears-fruit-with-TELUS-Welch's-breakthrough-partnership,7/28/2025,2025-12-11T14:14:44.522904+00:00,,
9edb0845-5784-4759-bf9a-1cf00b4881ad,TELUS,TELUS Health for Good™ and Victoria Cool Aid Society launch series of hepatitis C testing events in Victoria,https://www.telus.com/about/news-and-events/media-releases/TELUS-Health-for-Good-and-Victoria-Cool-Aid-Society-launch-series-of-hepatitis-C-testing-events-in-Victoria,7/24/2025,2025-12-11T14:14:44.522904+00:00,,
e55b7625-ce46-4d01-a869-4cac1058a5e2,TELUS,TELUS provides wholesale wireless to support Cogeco’s mobility launch while reaffirming the need for equitable wholesale fibre access,https://www.telus.com/about/news-and-events/media-releases/telus-provides-wholesale-wireless-to-support-cogecos-mobility-launch-while-reaffirming-the-need-for-equitable-wholesale-fibre-access,7/24/2025,2025-12-11T14:14:44.522904+00:00,,
9db00d69-0551-4b7c-bd93-71e6b4bc48a0,TELUS,TELUS expands broadband services in Ontario and Quebec with $2-billion investment,https://www.telus.com/about/news-and-events/media-releases/telus-expands-broadband-services-in-ontario-and-quebec-with-two-billion-investment,7/21/2025,2025-12-11T14:14:44.522904+00:00,,
7e80adbe-44b3-4d82-b792-67962ea04c5c,TELUS,"400,000 Canadians – and Counting – Demand More Internet Choice as Petition Supporting CRTC Decision Surges",https://www.telus.com/about/news-and-events/media-releases/400000-Canadians-and-Counting-Demand-More-Internet-Choice-as-Petition-Supporting-CRTC-Decision-Surges,7/17/2025,2025-12-11T14:14:44.522904+00:00,,
2c54ed66-a34d-489a-b87a-9978be4e3f21,TELUS,AI that works for everyone: TELUS proud to join the UN AI for Good Global Summit 2025,https://www.telus.com/about/news-and-events/media-releases/ai-that-works-for-everyone-telus-proud-to-join-un-ai-for-good-summit-2025,7/17/2025,2025-12-11T14:14:44.522904+00:00,,
924e4dc0-666e-4f0a-b798-9611a27aaae4,TELUS,Setting a course for reliability: TELUS receives necessary approvals to deploy North Shore submarine cable,https://www.telus.com/about/news-and-events/media-releases/setting-a-course-for-reliability-telus-receives-approvals-to-deploy-north-shore-submarine-cable,7/15/2025,2025-12-11T14:14:44.522904+00:00,,
2b4d236f-8223-421e-8ff3-2fd04774cc28,TELUS,CIBC Foundation and TELUS Friendly Future Foundation announce landmark $2 million partnership,https://www.telus.com/about/news-and-events/media-releases/CIBC-Foundation-and-TELUS-Friendly-Future-Foundation-announce-landmark-2-million-partnership,7/2/2025,2025-12-11T14:14:44.522904+00:00,,
873eed99-d45a-4c38-abd4-498b8191d267,TELUS,TELUS Announces Upsizing and Results of its Cash Tender Offers for Eight Series of Debt Securities,https://www.telus.com/about/news-and-events/media-releases/telus-announces-pricing-o-cash-tender-offers-for-eight-series-of-debt-securities,6/30/2025,2025-12-11T14:14:44.522904+00:00,,
0a4c9602-cf90-4461-951f-7b0c67ca8079,TELUS,TELUS ANNOUNCES RESULTS OF ITS CASH TENDER OFFERS FOR TWO SERIES OF DEBT SECURITIES,https://www.telus.com/about/news-and-events/media-releases/telus-announces-results-of-its-cash-tender-offers-for-two-series-of-debt-securities,6/30/2025,2025-12-11T14:14:44.522904+00:00,,
7213876b-2dce-488b-bad6-c9a8dfc81d6c,TELUS,TELUS announces pricing of US$ junior subordinated notes offering,https://www.telus.com/about/news-and-events/media-releases/telus-announces-pricing-of-us--junior-subordinated-notes-offering,6/27/2025,2025-12-11T14:14:44.522904+00:00,,
0e24274a-11cb-4377-be88-c26e6686bacc,TELUS,TELUS closes its US$ junior subordinated notes offering,https://www.telus.com/about/news-and-events/media-releases/telus-closes-its-us-junior-subordinated-notes-offering,6/27/2025,2025-12-11T14:14:44.522904+00:00,,
08465f89-092a-401f-9dc9-03b6b11702d3,TELUS,TELUS ANNOUNCES PRICING OF CASH TENDER OFFERS FOR TWO SERIES OF DEBT SECURITIES,https://www.telus.com/about/news-and-events/media-releases/telus-announces-pricing-of-cash-tender-offers-for-two-series-of-debt-securities,6/27/2025,2025-12-11T14:14:44.522904+00:00,,
8d4840b7-4c41-4a03-8e11-080617e6cee4,TELUS,TIME Magazine recognizes TELUS as most sustainable North American telecommunications company in 2025,https://www.telus.com/about/news-and-events/media-releases/TIME-Magazine-recognizes-TELUS-as-most-sustainable-North-American-telecommunications-company-in-2025,6/26/2025,2025-12-11T14:14:44.522904+00:00,,
1c43ff0a-acef-43f2-a3aa-f11cc3633c1f,TELUS,TELUS Announces Cash Tender Offers for Eight Series of Debt Securities,https://www.telus.com/about/news-and-events/media-releases/telus-announces-cash-tender-offers-for-eight-series-of-debt-securities,6/20/2025,2025-12-11T14:14:44.522904+00:00,,
bdaa7e32-75fb-4abd-a831-0768ff28506f,TELUS,TELUS ANNOUNCES CASH TENDER OFFERS FOR TWO SERIES OF DEBT SECURITIES,https://www.telus.com/about/news-and-events/media-releases/telus-announces-cash-tender-offers-for-two-series-of-debt-securities,6/20/2025,2025-12-11T14:14:44.522904+00:00,,
3ea79c54-0eaa-4426-a355-0e804942cb2d,TELUS,TELUS announces JUNIOR SUBORDINATED note offering,https://www.telus.com/about/news-and-events/media-releases/telus-announces-junior-subordinated-note-offering,6/19/2025,2025-12-11T14:14:44.522904+00:00,,
3d9e6ef3-8eb0-49e8-9087-e473ee046566,TELUS,New TELUS report reveals path to building public confidence in AI,https://www.telus.com/about/news-and-events/media-releases/telus-report-reveals-path-building-public-confidence-in-ai,6/17/2025,2025-12-11T14:14:44.522904+00:00,,
e3c4d14b-6c8c-43ab-a163-79f159aee378,TELUS,TELUS Submits Non-Binding Indication of Interest to Acquire Full Ownership of TELUS Digital,https://www.telus.com/about/news-and-events/media-releases/telus-submits-non-binding-indication-of-interest-to-acquire-full-ownership-of-telus-digital,6/12/2025,2025-12-11T14:14:44.522904+00:00,,
3d0af25b-b5db-41b5-8d0c-1c5a03988813,TELUS,"TELUS investing $13.5 billion in Alberta through 2029 to support enhanced connectivity, emergency support and economic prosperity",https://www.telus.com/about/news-and-events/media-releases/telus-investing-13-5-billion-in-alberta-through-2029-to-support-enhanced-connectivity-emergency-support-and-economic-prosperity,6/9/2025,2025-12-11T14:14:44.522904+00:00,,
c66194ba-f2e1-4dd8-b94b-d01bfa8db785,TELUS,"TELUS Achieves First Public Safety Priority Slice Trial, Enhancing Public Safety During Major Events",https://www.telus.com/about/news-and-events/media-releases/telus-achieves-first-public-safety-priority-slice-trial-enhancing-public-safety-during-major-events,6/6/2025,2025-12-11T14:14:44.522904+00:00,,
55474eb0-9cc1-4f96-b357-5f1ce26b4b3e,TELUS,"TELUS #StandWithOwners contest returns, investing over $1 million into Canadian small businesses",https://www.telus.com/about/news-and-events/media-releases/telus-standwithowners-contest-returns-investing-over-1-million-into-canadian-small-businesses,6/3/2025,2025-12-11T14:14:44.522904+00:00,,
2e904aca-38bc-431a-9b14-fed1b2b224db,TELUS,"TELUS investing $15 billion in British Columbia through 2029 to enhance connectivity, support Canadian AI leadership and fuel economic growth",https://www.telus.com/about/news-and-events/media-releases/telus-investing-15-billion-in-british-columbia-through-2029-to-enhance-connectivity-support-canadian-ai-leadership-and-fuel-economic-growth,5/29/2025,2025-12-11T14:14:44.522904+00:00,,
0892e86f-5834-43d0-bc65-5eede9dc9a54,TELUS,"TELUS investing $70 billion in Canada through 2029 to enhance connectivity, support Canadian AI leadership and fuel economic growth",https://www.telus.com/about/news-and-events/media-releases/telus-investing-7-0-billion-in-canada-through-2029-to-enhance-connectivity-support-canadian-ai-leadership-and-fuel-economic-growth,5/27/2025,2025-12-11T14:14:44.522904+00:00,,
ebd51ead-67a2-4976-8e30-edc09d66fba5,TELUS,New Report: TELUS Health's inaugural Pharmacy Trends market analysis unveils Canadian pharmacies poised for $1.9B tech-driven transformation,https://www.telus.com/about/news-and-events/media-releases/new-report-telus-healths-inaugural-pharmacy-trends-market-analysis-unveils-canadian-pharmacies-poised-for-1-9b-tech-driven-transformation,5/20/2025,2025-12-11T14:14:44.522904+00:00,,
199d559f-ba96-4543-ae9e-971e51b91efe,TELUS,New TELUS Rewards program launches nationwide bringing more value to Canadians than ever before,https://www.telus.com/about/news-and-events/media-releases/new-telus-rewards-program-launches-nationwide-bringing-more-value-to-canadians-than-ever-before,5/15/2025,2025-12-11T14:14:44.522904+00:00,,
7a2f70b8-3754-4f53-80c4-23c458db7b86,TELUS,TELUS brings revolutionary entertainment bundle to Ontario and Quebec combining premium streaming services and Live TV,https://www.telus.com/about/news-and-events/media-releases/telus-brings-revolutionary-entertainment-bundle-to-ontario-and-quebec-combining-premium-streaming-services-and-live-tv,5/14/2025,2025-12-11T14:14:44.522904+00:00,,
d8aa5c2f-603c-41d2-9980-61077d58b8a5,TELUS,"TELUS Health acquires Workplace Options, top provider of wellbeing services to Fortune 500 companies",https://www.telus.com/about/news-and-events/media-releases/telus-health-acquires-workplace-options-top-provider-of-wellbeing-services-to-fortune-500-companies,5/14/2025,2025-12-11T14:14:44.522904+00:00,,
dbb361ba-7059-4409-af46-34a47d3238ab,TELUS,TELUS reports operational and financial results for first quarter 2025,https://www.telus.com/about/news-and-events/media-releases/telus-reports-operational-and-financial-results-for-first-quarter-2025,5/9/2025,2025-12-11T14:14:44.522904+00:00,,
bcd4b4fa-e471-4de2-898c-ac5b8f312027,TELUS,TELUS PureFibre services are coming to Red Deer,https://www.telus.com/about/news-and-events/media-releases/telus-pure-fibre-services-are-coming-to-red-deer,5/8/2025,2025-12-11T14:14:44.522904+00:00,,
ef1108a7-33c3-4f79-aff3-b5715911a311,TELUS,TELUS wins prestigious Mercure for AI-driven productivity enhancement,https://www.telus.com/about/news-and-events/media-releases/telus-wins-prestigious-mercure-for-ai-driven-productivity-enhancement,5/6/2025,2025-12-11T14:14:44.522904+00:00,,
5cba0f98-6bd6-422c-8efc-ac101f0760c8,TELUS,TELUS and Fillip Fleet Partner to Transform Fleet Management with Visa-Powered Connected Vehicle and Payment Solutions,https://www.telus.com/about/news-and-events/media-releases/telus-and-fillip-fleet-partner-to-transform-fleet-management-with-visa-powered-connected-vehicle-and-payment-solutions,5/5/2025,2025-12-11T14:14:44.522904+00:00,,
9e56c78f-207e-456e-afd0-9886eae5bb70,TELUS,TELUS marks 20th anniversary of TELUS Days of Giving,https://www.telus.com/about/news-and-events/media-releases/TELUS-marks-20th-anniversary-of-TELUS-Days-of-Giving,5/1/2025,2025-12-11T14:14:44.522904+00:00,,
f10d5b27-3d08-4096-bebf-c9891722153f,TELUS,Advancing trustworthy AI globally: TELUS is the first Canadian company to embrace newly-launched Hiroshima AI Process (HAIP) Reporting Framework,https://www.telus.com/about/news-and-events/media-releases/advancing-trustworthy-ai-globally-telus-first-canadian-company-to-embrace-newly-launched-hiroshima-ai-process,4/30/2025,2025-12-11T14:14:44.522904+00:00,,
500e4aa0-fb79-49a9-9e48-1bc218e9ff73,TELUS,Weight management surges as key category in TELUS Health’s 2025 Drug Trends Report,https://www.telus.com/about/news-and-events/media-releases/weight-management-surges-as-key-category-in-telus-healths-2025-drug-trends-report,4/29/2025,2025-12-11T14:14:44.522904+00:00,,
9994dc8f-6777-4f23-8156-a8ac6d5d2bc2,TELUS,"TELUS to launch Sovereign AI Factories in Kamloops and Rimouski, propelling Canada to the forefront of AI innovation",https://www.telus.com/about/news-and-events/media-releases/telus-to-launch-sovereign-ai-factories-in-kamloops-and-rimouski-propelling-canada-to-the-forefront-of-ai-innovation,4/15/2025,2025-12-11T14:14:44.522904+00:00,,
e006552e-bca7-40df-b54d-37ea9e7b65ff,TELUS,TELUS Introduces GameRx™: A Digital Resource for Gaming and Wellness,https://www.telus.com/about/news-and-events/media-releases/telus-introduces-gamerx-a-digital-resource-for-gaming-and-wellness,4/11/2025,2025-12-11T14:14:44.522904+00:00,,
1924d83f-89e9-45be-8327-fe2642ebb4d0,TELUS,The TELUS Friendly Future Foundation's Signature Gala Returns to Raise Funds to Invest in Youth Education,https://www.telus.com/about/news-and-events/media-releases/The-TELUS-Friendly-Future-Foundations-Signature-Gala-Returns-to-Raise-Funds-to-Invest-in-Youth-Education,3/31/2025,2025-12-11T14:14:44.522904+00:00,,
a4b45e0c-5b4e-42f1-8c65-e49973788ecb,TELUS,TELUS exploring dedicated infrastructure entity and strategic investment to supercharge its next-gen wireless networks,https://www.telus.com/about/news-and-events/media-releases/telus-exploring-dedicated-infrastructure-entity-and-strategic-investment-to-supercharge-its-next-gen-wireless-networks,3/26/2025,2025-12-11T14:14:44.522904+00:00,,
dfab4c44-21d2-4738-aebd-d3ec79fe030d,TELUS,Canadian AI leadership: New Business at OECD report spotlights TELUS as leader in workforce AI literacy,https://www.telus.com/about/news-and-events/media-releases/canadian-ai-leadership-new-business-at-oecd-report-spotlights-telus-as-leader-in-workforce-ai-literacy,3/25/2025,2025-12-11T14:14:44.522904+00:00,,
f39f5798-631b-476a-82a9-25620e4ab4b9,TELUS,"TELUS to launch Canada's leading Sovereign AI Factory, powered by NVIDIA to drive the nation's AI future",https://www.telus.com/about/news-and-events/media-releases/telus-to-launch-canadas-leading-sovereign-ai-factory-powered-by-nividia-to-drive-the-nations-ai-future,3/18/2025,2025-12-11T14:14:44.522904+00:00,,
4ad039bb-5f66-40a3-8b30-6df36fa73e0e,TELUS,TELUS and AWS IoT transform the Smart Home with innovative product for global communication service providers,https://www.telus.com/about/news-and-events/media-releases/telus-and-aws-iot-transform-the-smart-home-with-innovative-product-for-global-communication-service-providers,3/4/2025,2025-12-11T14:14:44.522904+00:00,,
2b1ce184-f0c9-43ee-ac31-b729741febd1,TELUS,"Great for your wallet, and the environment: TELUS launches SmartEnergy to help Canadians manage their home energy use",https://www.telus.com/about/news-and-events/media-releases/great-for-your-wallet-and-the-environment-telus-launches-smartenergy-to-help-canadians-manage-their-home-energy-use,2/19/2025,2025-12-11T14:14:44.522904+00:00,,
b5c35111-994b-48e5-ae34-428a3dae6e45,TELUS,TELUS reports robust operational and financial results for fourth quarter 2024; announces 2025 financial targets,https://www.telus.com/about/news-and-events/media-releases/telus-reports-robust-operational-and-financial-result-for-fourth-quarter-2024-announces-2025-financial-targets,2/13/2025,2025-12-11T14:14:44.522904+00:00,,
de7dd7b7-3a5f-4057-a8a5-709ef9420715,TELUS,Future of Aviation Lands at YYC with TELUS Private Wireless Network,https://www.telus.com/about/news-and-events/media-releases/future-of-aviation-lands-at-yyc-with-telus-private-wireless-network,2/12/2025,2025-12-11T14:14:44.522904+00:00,,
3b8664cb-51a8-4558-995c-28cfd461589f,TELUS,MetLife Expands New Hampshire Paid Family Medical Leave Program with Mental Wellbeing Offering,https://www.telus.com/about/news-and-events/media-releases/metlife-expands-new-hampshire-paid-family-medical-leave-program-with-mental-wellbeing-offering,2/4/2025,2025-12-11T14:14:44.522904+00:00,,
e607e0ed-4614-4b9b-b19c-e203ffb1487b,TELUS,TELUS Partners with Movius to Bring Innovative Secure Communications Solution to Canadian Businesses,https://www.telus.com/about/news-and-events/media-releases/telus-partners-with-movius-to-bring-innovative-secure-communications-solution-to-canadian-businesses,1/28/2025,2025-12-11T14:14:44.522904+00:00,,
f59085d3-6e1d-4964-b7fe-8a5d068fd8d7,TELUS,"#DemandMoreInternetChoice Petition  Surpasses 200,000 Signatures",https://www.telus.com/about/news-and-events/media-releases/demand-more-internet-choice-petition-surpasses-200-000-signatures,1/27/2025,2025-12-11T14:14:44.522904+00:00,,
e85d3e86-344b-4c6a-8035-0c745f5249e9,Bell,"A new era for Bell Fibe TV: Stream live and on-demand - no hardware, no hassle",https://www.bce.ca/news-and-media/newsroom?article=A-new-era-for-Bell-Fibe-TV-Stream-live-and-on-demand-no-hardware-no-hassle,12/11/2025,2025-12-11T15:16:21.254219+00:00,,
1c5f7c3e-ee56-4ddd-b400-6cb39b46d40f,Bell,5G+ just got a whole lot faster: Bell delivers its top mobile speeds across parts of Ontario,https://www.bce.ca/news-and-media/newsroom?article=5G-just-got-a-whole-lot-faster-Bell-delivers-its-top-mobile-speeds-across-parts-of-Ontario,12/4/2025,2025-12-11T15:16:21.254219+00:00,,
b31d4bd9-f90e-4b2f-a99e-742a0dbcbfb3,Bell,"Bell Canada-backed Ateko acquires SDK Tek, bolstering AI capabilities to deliver enhanced business solutions",https://www.bce.ca/news-and-media/newsroom?article=Bell-Canada-backed-Ateko-acquires-SDK-Tek-bolstering-AI-capabilities-to-deliver-enhanced-business-solutions,12/3/2025,2025-12-11T15:16:21.254219+00:00,,
65488706-661a-455c-915e-ccb7ad3e2deb,Bell,BCE to participate in the Desjardins Toronto Conference,https://www.bce.ca/news-and-media/newsroom?article=BCE-to-participate-in-the-Desjardins-Toronto-Conference,11/19/2025,2025-12-11T15:16:21.254219+00:00,,
0aa4387c-cbaa-47db-96c1-4aeb46eb5cd1,Bell,BCE reports results of conversion of its series R preferred shares into series Q preferred shares,https://www.bce.ca/news-and-media/newsroom?article=BCE-reports-results-of-conversion-of-its-series-R-preferred-shares-into-series-Q-preferred-shares,11/18/2025,2025-12-11T15:16:21.254219+00:00,,
81af5ef1-68b8-4bda-932e-15ec114ba345,Bell,"no name™ mobile expands to all Maxi® locations across Québec, powered by Bell's wireless network",https://www.bce.ca/news-and-media/newsroom?article=no-nameTM-mobile-expands-to-all-Maxi-locations-across-Quebec-powered-by-Bell-s-wireless-network,11/10/2025,2025-12-11T15:16:21.254219+00:00,,
77cbce7c-8773-4f88-8232-bfc106541150,Bell,"Bell Canada to redeem Series M-41 debentures due March 2, 2026",https://www.bce.ca/news-and-media/newsroom?article=Bell-Canada-to-redeem-Series-M-41-debentures-due-March-2-2026,11/7/2025,2025-12-11T15:16:21.254219+00:00,,
a6f92277-8fd8-4874-ae81-bddfdc07eb08,Bell,BCE announces renewal of Normal Course Issuer Bid for Preferred Shares,https://www.bce.ca/news-and-media/newsroom?page=1&article=BCE-announces-renewal-of-Normal-Course-Issuer-Bid-for-Preferred-Shares,11/6/2025,2025-12-11T15:16:21.254219+00:00,,
ca316c90-0a2f-4e65-8c25-79fb9e9e64c9,Bell,BCE reports third quarter 2025 results,https://www.bce.ca/news-and-media/newsroom?page=1&article=BCE-reports-third-quarter-2025-results,11/6/2025,2025-12-11T15:16:21.254219+00:00,,
9f1f7f8a-ff90-4be3-bba1-6412ba64a204,Bell,Steve Weed joins the Board of Directors of BCE Inc.,https://www.bce.ca/news-and-media/newsroom?page=1&article=Steve-Weed-joins-the-Board-of-Directors-of-BCE-Inc,11/6/2025,2025-12-11T15:16:21.254219+00:00,,
326c199b-d99f-4d21-9361-6aa23d560c60,Bell,"New study shows Canadian businesses eager to adopt AI, data sovereignty a key concern",https://www.bce.ca/news-and-media/newsroom?page=1&article=New-study-shows-Canadian-businesses-eager-to-adopt-AI-data-sovereignty-a-key-concern,11/5/2025,2025-12-11T15:16:21.254219+00:00,,
1fb036e2-dcf2-4289-9f0b-0ea1c7c5414e,Bell,BCE Board to nominate Louis Vachon as Chair of the Board in May 2026 following the retirement of Gordon Nixon,https://www.bce.ca/news-and-media/newsroom?page=1&article=BCE-Board-to-nominate-Louis-Vachon-as-Chair-of-the-Board-in-May-2026-following-the-retirement-of-Gordon-Nixon,11/4/2025,2025-12-11T15:16:21.254219+00:00,,
46c75e5a-05c9-44de-87f9-391d728566fe,Bell,"""Connection is everything"": Bell Refreshes Brand Platform",https://www.bce.ca/news-and-media/newsroom?page=2&article=Connection-is-everything-Bell-Refreshes-Brand-Platform,10/14/2025,2025-12-11T15:16:21.254219+00:00,,
42dc60e5-53e4-4eed-8438-bdbfbef0963b,Bell,BCE outlines strategic plan to drive sustainable free cash flow growth and long-term shareholder value,https://www.bce.ca/news-and-media/newsroom?page=2&article=BCE-outlines-strategic-plan-to-drive-sustainable-free-cash-flow-growth-and-long-term-shareholder-value,10/14/2025,2025-12-11T15:16:21.254219+00:00,,
0749bc1f-20d3-44c6-ae7a-d0c1fce46610,Bell,Reminder: BCE to host Investor Day on October 14,https://www.bce.ca/news-and-media/newsroom?page=2&article=Reminder-BCE-to-host-Investor-Day-on-October-14,10/14/2025,2025-12-11T15:16:21.254219+00:00,,
ecce6521-b288-4110-9402-e377466464fe,Bell,Reminder: BCE to host Investor Day on October 14,https://www.bce.ca/news-and-media/newsroom?page=2&article=Reminder-BCE-to-host-Investor-Day-on-October-14,10/13/2025,2025-12-11T15:16:21.254219+00:00,,
b0d6a850-b44c-4c72-b781-1abc9f322e0a,Bell,Bell rolls out Cohere's North Platform to team members,https://www.bce.ca/news-and-media/newsroom?page=2&article=Bell-rolls-out-Cohere-s-North-Platform-to-team-members,10/9/2025,2025-12-11T15:16:21.254219+00:00,,
73f491ce-4aa1-4771-813e-22cacee95a56,Bell,Bell to give another $10 million to support mental health in Canada,https://www.bce.ca/news-and-media/newsroom?page=3&article=Bell-to-give-another-10-million-to-support-mental-health-in-Canada,10/8/2025,2025-12-11T15:16:21.254219+00:00,,
5198b214-fa0f-4236-b8a2-6c33f5cc4433,Bell,Bell and Canadian Olympic Committee extend partnership through 2032,https://www.bce.ca/news-and-media/newsroom?page=3&article=Bell-and-Canadian-Olympic-Committee-extend-partnership-through-2032,10/2/2025,2025-12-11T15:16:21.254219+00:00,,
62d95bcd-ffcc-4ade-9ce2-2e13ed368bc6,Bell,BCE Q3 2025 results to be announced November 6,https://www.bce.ca/news-and-media/newsroom?page=3&article=BCE-Q3-2025-results-to-be-announced-November-6,10/2/2025,2025-12-11T15:16:21.254219+00:00,,
e5f1f666-329d-400b-88d0-202d88ad5ad6,Bell,"Bell and AST SpaceMobile complete Canada's first successful space-based direct-to-cell VoLTE voice call, broadband data and video streaming",https://www.bce.ca/news-and-media/newsroom?page=3&article=Bell-and-AST-SpaceMobile-complete-Canada-s-first-successful-space-based-direct-to-cell-VoLTE-voice-call-broadband-data-and-video-streaming,10/2/2025,2025-12-11T15:16:21.254219+00:00,,
1ad0f6d7-7fc2-44d0-be0f-f8fb284877e2,Bell,BCE to host Investor Day on October 14,https://www.bce.ca/news-and-media/newsroom?page=3&article=BCE-to-host-Investor-Day-on-October-14,9/25/2025,2025-12-11T15:16:21.254219+00:00,,
81187fd1-77a7-4e64-b41a-484ffac37eca,Bell,Bell is delivering for Canadians by expanding and enhancing wireless service,https://www.bce.ca/news-and-media/newsroom?page=4&article=Bell-is-delivering-for-Canadians-by-expanding-and-enhancing-wireless-service,9/25/2025,2025-12-11T15:16:21.254219+00:00,,
1ddaf905-9d83-46cd-828d-dbb545be8c23,Bell,Bell to expand wireless service for residents and businesses in New Brunswick,https://www.bce.ca/news-and-media/newsroom?page=4&article=Bell-to-expand-wireless-service-for-residents-and-businesses-in-New-Brunswick,9/23/2025,2025-12-11T15:16:21.254219+00:00,,
ca493990-284f-4883-8856-8b900bde84b8,Bell,BCE to participate in 24th Annual CIBC Eastern Institutional Investor Conference,https://www.bce.ca/news-and-media/newsroom?page=4&article=BCE-to-participate-in-24th-Annual-CIBC-Eastern-Institutional-Investor-Conference,9/23/2025,2025-12-11T15:16:21.254219+00:00,,
52826870-e3e9-4f1e-b65a-db17a94e264a,Bell,Bell and Simon Fraser University team up to advance Canada's AI and supercomputing ecosystem,https://www.bce.ca/news-and-media/newsroom?page=4&article=Bell-and-Simon-Fraser-University-team-up-to-advance-Canada-s-AI-and-supercomputing-ecosystem,9/16/2025,2025-12-11T15:16:21.254219+00:00,,
42df847c-8168-4244-974a-61dc5069d543,Bell,Bell Canada Launches Bell Cyber: A Central Pillar in its Strategy to Lead in Managed AI-Powered Solutions,https://www.bce.ca/news-and-media/newsroom?page=4&article=Bell-Canada-Launches-Bell-Cyber-A-Central-Pillar-in-its-Strategy-to-Lead-in-Managed-AI-Powered-Solutions,9/9/2025,2025-12-11T15:16:21.254219+00:00,,
b290f990-ac5b-4983-86af-b1d4f75a7b04,Bell,"Bell launches Giga Hub 2.0 with Wi-Fi 7, the world's best and latest Wi-Fi technology, powered by Bell Pure Fibre - Canada's fastest Internet",https://www.bce.ca/news-and-media/newsroom?page=5&article=Bell-launches-Giga-Hub-2-0-with-Wi-Fi-7-the-world-s-best-and-latest-Wi-Fi-technology-powered-by-Bell-Pure-Fibre-Canada-s-fastest-Internet,9/4/2025,2025-12-11T15:16:21.254219+00:00,,
fcb36d7b-31be-455a-9e95-7ba164635362,Bell,Bell Canada redeems Ziply Fiber debt,https://www.bce.ca/news-and-media/newsroom?page=5&article=Bell-Canada-redeems-Ziply-Fiber-debt,8/28/2025,2025-12-11T15:16:21.254219+00:00,,
945754e6-ea5c-4e79-acaf-b81d84b94515,Bell,Bell Cybersecurity Summit to Convene Canada's Top Cybersecurity Leaders in Toronto,https://www.bce.ca/news-and-media/newsroom?page=5&article=Bell-Cybersecurity-Summit-to-Convene-Canada-s-Top-Cybersecurity-Leaders-in-Toronto,8/21/2025,2025-12-11T15:16:21.254219+00:00,,
a486afcc-b083-41c8-ad21-7ae5eae2f059,Bell,BUZZ HPC Partners with Bell Canada to Deliver Advanced Sovereign NVIDIA AI Infrastructure for Canada,https://www.bce.ca/news-and-media/newsroom?page=5&article=BUZZ-HPC-Partners-with-Bell-Canada-to-Deliver-Advanced-Sovereign-NVIDIA-AI-Infrastructure-for-Canada,8/19/2025,2025-12-11T15:16:21.254219+00:00,,
0bdb9cf2-b370-4958-bdf9-20a92d49eb60,Bell,"Bell introduces Bell Streaming - bringing Crave, Netflix and Disney+ together in one bundle",https://www.bce.ca/news-and-media/newsroom?page=5&article=Bell-introduces-Bell-Streaming-bringing-Crave-Netflix-and-Disney-together-in-one-bundle,8/18/2025,2025-12-11T15:16:21.254219+00:00,,
44a596c3-1b9b-439d-b8d3-c0da590cadce,Bell,Bell completes subsea fibre optic cable deployment to Fogo and Change Islands,https://www.bce.ca/news-and-media/newsroom?page=6&article=Bell-completes-subsea-fibre-optic-cable-deployment-to-Fogo-and-Change-Islands,8/12/2025,2025-12-11T15:16:21.254219+00:00,,
ed49dc39-6fdd-4872-90da-f158484b6122,Bell,Bell announces offering of MTN Debentures,https://www.bce.ca/news-and-media/newsroom?page=6&article=Bell-announces-offering-of-MTN-Debentures,8/12/2025,2025-12-11T15:16:21.254219+00:00,,
68830ac7-e958-4673-a91f-6f4c1b2cea8f,Bell,Bell partners with Perplexity to bring advanced AI search tools to customers,https://www.bce.ca/news-and-media/newsroom?page=6&article=Bell-partners-with-Perplexity-to-bring-advanced-AI-search-tools-to-customers,8/11/2025,2025-12-11T15:16:21.254219+00:00,,
1cf6b2ed-b182-4980-8e4e-a6397bdf00cb,Bell,BCE reports second quarter 2025 results,https://www.bce.ca/news-and-media/newsroom?page=6&article=BCE-reports-second-quarter-2025-results,8/7/2025,2025-12-11T15:16:21.254219+00:00,,
735829d1-e89c-4fc5-96d4-359b269ce926,Bell,"BCE completes acquisition of Ziply Fiber, accelerating its fibre growth strategy",https://www.bce.ca/news-and-media/newsroom?page=6&article=BCE-completes-acquisition-of-Ziply-Fiber-accelerating-its-fibre-growth-strategy,8/1/2025,2025-12-11T15:16:21.254219+00:00,,
920d21c5-bed8-4d82-b6fb-0490d1044f6f,Bell,"Bell launches HGTV, Food Network and Discovery on Bell TV; signs deal with Rogers for specialty channel distribution across platforms",https://www.bce.ca/news-and-media/newsroom?page=7&article=Bell-launches-HGTV-Food-Network-and-Discovery-on-Bell-TV-signs-deal-with-Rogers-for-specialty-channel-distribution-across-platforms,7/29/2025,2025-12-11T15:16:21.254219+00:00,,
56037dee-110a-469d-ac94-8b6a2584e686,Bell,Bell Canada and Cohere forge strategic partnership to deliver sovereign AI-powered solutions for government and business,https://www.bce.ca/news-and-media/newsroom?page=7&article=Bell-Canada-and-Cohere-forge-strategic-partnership-to-deliver-sovereign-AI-powered-solutions-for-government-and-business,7/28/2025,2025-12-11T15:16:21.254219+00:00,,
64cec090-7596-4d45-8781-bd18ebefdeba,Bell,Copper theft growing at alarming rate across Eastern Canada,https://www.bce.ca/news-and-media/newsroom?page=7&article=Copper-theft-growing-at-alarming-rate-across-Eastern-Canada,7/3/2025,2025-12-11T15:16:21.254219+00:00,,
a610c357-0ff3-4ec4-8d00-4ae3caa50ef4,Bell,BCE Q2 2025 results to be announced August 7,https://www.bce.ca/news-and-media/newsroom?page=7&article=BCE-Q2-2025-results-to-be-announced-August-7,7/3/2025,2025-12-11T15:16:21.254219+00:00,,
46346343-acf1-4767-b0ce-db9e374f45dd,Bell,BCE concludes sale of its minority stake in MLSE,https://www.bce.ca/news-and-media/newsroom?page=7&article=BCE-concludes-sale-of-its-minority-stake-in-MLSE,7/2/2025,2025-12-11T15:16:21.254219+00:00,,
e65cf9ef-dfb4-4c6b-82b7-f761187586a4,Bell,Bell Canada urges federal government to overturn CRTC decision stalling critical investment,https://www.bce.ca/news-and-media/newsroom?page=8&article=Bell-Canada-urges-federal-government-to-overturn-CRTC-decision-stalling-critical-investment,6/20/2025,2025-12-11T15:16:21.254219+00:00,,
ef54bae1-5d7a-4f4d-9eb9-17a4213d37d3,Bell,Bell Canada and Octane Racing Group deliver standout 2025 Formula 1 Grand Prix du Canada experience for fans,https://www.bce.ca/news-and-media/newsroom?page=8&article=Bell-Canada-and-Octane-Racing-Group-deliver-standout-2025-Formula-1-Grand-Prix-du-Canada-experience-for-fans,6/17/2025,2025-12-11T15:16:21.254219+00:00,,
b82e6124-4196-4712-8dc4-2cb19d54b581,Bell,Bell Announces Pricing of Cash Tender Offers for Four Series of Debt Securities,https://www.bce.ca/news-and-media/newsroom?page=8&article=Bell-Announces-Pricing-of-Cash-Tender-Offers-for-Four-Series-of-Debt-Securities,6/10/2025,2025-12-11T15:16:21.254219+00:00,,
0006515a-6eca-43b8-bf7b-0df42892d940,Bell,Bell Announces Upsizing and Results of its Cash Tender Offers for Four Series of Debt Securities,https://www.bce.ca/news-and-media/newsroom?page=8&article=Bell-Announces-Upsizing-and-Results-of-its-Cash-Tender-Offers-for-Four-Series-of-Debt-Securities,6/10/2025,2025-12-11T15:16:21.254219+00:00,,
339e3bba-470b-4459-a8cb-817343fafe35,Bell,Bell Canada and National Indigenous Connectivity Inc. to advance broadband and wireless access for rural and remote First Nations Communities,https://www.bce.ca/news-and-media/newsroom?page=8&article=Bell-Canada-and-National-Indigenous-Connectivity-Inc-to-advance-broadband-and-wireless-access-for-rural-and-remote-First-Nations-Communities,6/2/2025,2025-12-11T15:16:21.254219+00:00,,
8ed492f0-1fbb-4a60-adcc-700c6186e824,Bell,Bell Announces Cash Tender Offers for Four Series of Debt Securities,https://www.bce.ca/news-and-media/newsroom?page=9&article=Bell-Announces-Cash-Tender-Offers-for-Four-Series-of-Debt-Securities,6/2/2025,2025-12-11T15:16:21.254219+00:00,,
d2fee0a6-cdcd-4ce1-bdac-6e78b5e4c922,Bell,Bell Canada Increases Sovereign AI Capacity with Bell AI Fabric,https://www.bce.ca/news-and-media/newsroom?page=9&article=Bell-Canada-Increases-Sovereign-AI-Capacity-with-Bell-AI-Fabric,5/28/2025,2025-12-11T15:16:21.254219+00:00,,
333c36fb-9cbb-4f0c-b994-086f951e730a,Bell,Bell Canada and Zoom team up to deliver leading workplace collaboration solutions for Canadian businesses,https://www.bce.ca/news-and-media/newsroom?page=9&article=Bell-Canada-and-Zoom-team-up-to-deliver-leading-workplace-collaboration-solutions-for-Canadian-businesses,5/20/2025,2025-12-11T15:16:21.254219+00:00,,
30333139-113f-47c5-bb28-6f842d8d4b78,Bell,"Bell calls on Ottawa to Build, Connect and Grow Canada with smart policies",https://www.bce.ca/news-and-media/newsroom?page=9&article=Bell-calls-on-Ottawa-to-Build-Connect-and-Grow-Canada-with-smart-policies,5/12/2025,2025-12-11T15:16:21.254219+00:00,,
ca4b603b-f289-4be4-a8b0-d1c2137f97fb,Bell,BCE announces election of Directors,https://www.bce.ca/news-and-media/newsroom?page=9&article=BCE-announces-election-of-Directors,5/8/2025,2025-12-11T15:16:21.254219+00:00,,
14e8b36d-0382-4627-acb6-372b89142f5f,Bell,BCE reports first quarter 2025 results,https://www.bce.ca/news-and-media/newsroom?page=10&article=BCE-reports-first-quarter-2025-results,5/8/2025,2025-12-11T15:16:21.254219+00:00,,
7f144550-3c2b-4a19-91ed-7499a93bb05c,Bell,BCE implements changes in connection with its Shareholder Dividend Reinvestment Plan; Termination of discounted treasury issuances,https://www.bce.ca/news-and-media/newsroom?page=10&article=BCE-implements-changes-in-connection-with-its-Shareholder-Dividend-Reinvestment-Plan-Termination-of-discounted-treasury-issuances,5/8/2025,2025-12-11T15:16:21.254219+00:00,,
d7ccae77-9373-44e0-8f98-9dd6e1654795,Bell,BCE and PSP Investments Announce Strategic Partnership to Create Network FiberCo,https://www.bce.ca/news-and-media/newsroom?page=10&article=BCE-and-PSP-Investments-Announce-Strategic-Partnership-to-Create-Network-FiberCo,5/8/2025,2025-12-11T15:16:21.254219+00:00,,
21cd7096-3898-4642-997a-4d111fe5ea55,Bell,Bell Canada introduces Ateko: New tech services brand simplifying enterprise operations with leading automation and tech collaboration,https://www.bce.ca/news-and-media/newsroom?page=10&article=Bell-Canada-introduces-Ateko-New-tech-services-brand-simplifying-enterprise-operations-with-leading-automation-and-tech-collaboration,5/6/2025,2025-12-11T15:16:21.254219+00:00,,
36dd6d98-5606-4f6b-8e03-84b533d957be,Bell,"Bell introduces managed SD-WAN-as-a-Service powered by Fortinet, leading the integration of network and security technologies",https://www.bce.ca/news-and-media/newsroom?page=10&article=Bell-introduces-managed-SD-WAN-as-a-Service-powered-by-Fortinet-leading-the-integration-of-network-and-security-technologies,4/24/2025,2025-12-11T15:16:21.254219+00:00,,
0068e9cf-c3c4-4c10-9301-6b6e4e6cc651,Bell,Ericsson and Bell Canada successfully test AI-native link adaptation to boost network speed and efficiency,https://www.bce.ca/news-and-media/newsroom?page=11&article=Ericsson-and-Bell-Canada-successfully-test-AI-native-link-adaptation-to-boost-network-speed-and-efficiency,4/11/2025,2025-12-11T15:16:21.254219+00:00,,
89f69a4f-abc1-4783-a035-78360b95f45a,Bell,BCE Q1 2025 results to be announced May 8,https://www.bce.ca/news-and-media/newsroom?page=11&article=BCE-Q1-2025-results-to-be-announced-May-8,4/3/2025,2025-12-11T15:16:21.254219+00:00,,
df7ffb55-fc03-47f1-a016-5009611fc701,Bell,Bell Launches Security-as-a-Service (SECaaS) on Canadian Sovereign Cloud,https://www.bce.ca/news-and-media/newsroom?page=11&article=Bell-Launches-Security-as-a-Service-SECaaS-on-Canadian-Sovereign-Cloud,3/26/2025,2025-12-11T15:16:21.254219+00:00,,
bcf2061d-cf4b-4714-b197-e011ebaf54cb,Bell,Bell Announces Pricing of Cash Tender Offer for Debt Securities,https://www.bce.ca/news-and-media/newsroom?page=11&article=Bell-Announces-Pricing-of-Cash-Tender-Offer-for-Debt-Securities,3/25/2025,2025-12-11T15:16:21.254219+00:00,,
17987116-1fe6-48dc-b4f1-6bc754a3b7f7,Bell,Bell Announces Upsizing and Results of its Cash Tender Offers for Two Series of Debt Securities,https://www.bce.ca/news-and-media/newsroom?page=11&article=Bell-Announces-Upsizing-and-Results-of-its-Cash-Tender-Offers-for-Two-Series-of-Debt-Securities,3/25/2025,2025-12-11T15:16:21.254219+00:00,,
e4adaca0-21fc-4ee9-8c99-dcd9c658974a,Bell,Bell Announces Results of its Cash Tender Offers for Five Series of Debt Securities,https://www.bce.ca/news-and-media/newsroom?page=12&article=Bell-Announces-Results-of-its-Cash-Tender-Offers-for-Five-Series-of-Debt-Securities,3/25/2025,2025-12-11T15:16:21.254219+00:00,,
1d93c054-abe5-4d92-b23b-b58c7130e949,Bell,Bell Announces Pricing of Cash Tender Offers for Five Series of Debt Securities,https://www.bce.ca/news-and-media/newsroom?page=12&article=Bell-Announces-Pricing-of-Cash-Tender-Offers-for-Five-Series-of-Debt-Securities,3/24/2025,2025-12-11T15:16:21.254219+00:00,,
81bc47af-e1bc-4910-9545-1e6a4d57722f,Bell,Bell Announces Offering of Cdn $1.25 billion aggregate principal amount of Hybrid Notes,https://www.bce.ca/news-and-media/newsroom?page=12&article=Bell-Announces-Offering-of-Cdn-1-25-billion-aggregate-principal-amount-of-Hybrid-Notes,3/21/2025,2025-12-11T15:16:21.254219+00:00,,
81cb2d6a-dd9a-45e9-88db-200d2b0a4aba,Bell,Bell Announces Cash Tender Offers for Five Series of Debt Securities,https://www.bce.ca/news-and-media/newsroom?page=12&article=Bell-Announces-Cash-Tender-Offers-for-Five-Series-of-Debt-Securities,3/17/2025,2025-12-11T15:16:21.254219+00:00,,
efc20008-42c0-43b8-bdd3-33ed8ab9c285,Bell,Bell Announces Cash Tender Offers for Two Series of Debt Securities,https://www.bce.ca/news-and-media/newsroom?page=12&article=Bell-Announces-Cash-Tender-Offers-for-Two-Series-of-Debt-Securities,3/17/2025,2025-12-11T15:16:21.254219+00:00,,
97e367ed-c7bf-41c5-bfa4-1dbdac3c5e71,Bell,Bell Canada launches AI-powered network operations solution built on Google Cloud,https://www.bce.ca/news-and-media/newsroom?page=13&article=Bell-Canada-launches-AI-powered-network-operations-solution-built-on-Google-Cloud,2/26/2025,2025-12-11T15:16:21.254219+00:00,,
d8f61e99-72f4-4167-95c3-119e3f62155a,Bell,Bell Canada and Nokia expand 5G partnership to accelerate innovation with Cloud and Open RAN deployment,https://www.bce.ca/news-and-media/newsroom?page=13&article=Bell-Canada-and-Nokia-expand-5G-partnership-to-accelerate-innovation-with-Cloud-and-Open-RAN-deployment,2/25/2025,2025-12-11T15:16:21.254219+00:00,,
9a489308-21be-4b6d-990b-3d6062bb9640,Bell,"Bell's Pure Fibre and wireless networks continue to dominate in speed and performance, ranked Canada's fastest yet again",https://www.bce.ca/news-and-media/newsroom?page=13&article=Bell-s-Pure-Fibre-and-wireless-networks-continue-to-dominate-in-speed-and-performance-ranked-Canada-s-fastest-yet-again,2/20/2025,2025-12-11T15:16:21.254219+00:00,,
5ca1a989-9347-45ee-9764-888b1eb47f57,Bell,Bell Announces Offering of US$2.25 billion aggregate principal amount of Hybrid Notes,https://www.bce.ca/news-and-media/newsroom?page=13&article=Bell-Announces-Offering-of-US-2-25-billion-aggregate-principal-amount-of-Hybrid-Notes,2/13/2025,2025-12-11T15:16:21.254219+00:00,,
c5f20441-e22c-4d64-a294-573487ddb911,Bell,"BCE reports 2024 Q4 and full-year results, announces 2025 financial targets",https://www.bce.ca/news-and-media/newsroom?page=13&article=BCE-reports-2024-Q4-and-full-year-results-announces-2025-financial-targets,2/6/2025,2025-12-11T15:16:21.254219+00:00,,
0b24a872-c182-4944-b583-0901b8804ae8,Bell,Bell Let's Talk thanks everyone for participating in Canada's 15th annual national day for mental health conversation and action,https://www.bce.ca/news-and-media/newsroom?page=14&article=Bell-Let-s-Talk-thanks-everyone-for-participating-in-Canada-s-15th-annual-national-day-for-mental-health-conversation-and-action,1/23/2025,2025-12-11T15:16:21.254219+00:00,,
7278a348-be79-40fd-ae9b-5a319efa3307,Bell,Today is Bell Let's Talk Day! Everyone is invited to join the conversation and take action to support featured youth mental health organizations with national text-to-donate campaign,https://www.bce.ca/news-and-media/newsroom?page=14&article=Today-is-Bell-Let-s-Talk-Day-Everyone-is-invited-to-join-the-conversation-and-take-action-to-support-featured-youth-mental-health-organizations-with-national-text-to-donate-campaign,1/22/2025,2025-12-11T15:16:21.254219+00:00,,
8ee36ce2-5502-409e-a3d1-062e0812abf4,Bell,BCE reports results of Series AE and AF Preferred Share conversions,https://www.bce.ca/news-and-media/newsroom?page=14&article=BCE-reports-results-of-Series-AE-and-AF-Preferred-Share-conversions,1/21/2025,2025-12-11T15:16:21.254219+00:00,,
bb03a672-60b0-48ed-9092-c115244f22bc,Bell,Bell Let's Talk Day on January 22 to support youth mental health organizations with national text-to-donate campaign,https://www.bce.ca/news-and-media/newsroom?page=14&article=Bell-Let-s-Talk-Day-on-January-22-to-support-youth-mental-health-organizations-with-national-text-to-donate-campaign,1/16/2025,2025-12-11T15:16:21.254219+00:00,,
98597b0c-1ce4-48d0-94a3-290149fbad9f,Bell,Bell brings Flavour Network and Home Network to Bell TV; expands strategic multi-year agreement with Corus Entertainment,https://www.bce.ca/news-and-media/newsroom?page=14&article=Bell-brings-Flavour-Network-and-Home-Network-to-Bell-TV-expands-strategic-multi-year-agreement-with-Corus-Entertainment,1/8/2025,2025-12-11T15:16:21.254219+00:00,,
dee9e879-af8c-4184-be38-ee65225a9c59,Bell,Bell Let's Talk's 15th annual day for mental health on January 22 to prioritize youth mental health crisis,https://www.bce.ca/news-and-media/newsroom?page=15&article=Bell-Let-s-Talk-s-15th-annual-day-for-mental-health-on-January-22-to-prioritize-youth-mental-health-crisis,1/6/2025,2025-12-11T15:16:21.254219+00:00,,
d9fcede3-a073-4600-b663-6a252f832177,Bell,BCE Q4 2024 results and 2025 guidance to be announced February 6,https://www.bce.ca/news-and-media/newsroom?page=15&article=BCE-Q4-2024-results-and-2025-guidance-to-be-announced-February-6,1/2/2025,2025-12-11T15:16:21.254219+00:00,,
004564b3-cd94-44b9-8aea-e74b4d72f25c,SaskTel,"SaskTel brings Calm, a leading mental wellness app,  to wireless customers across Saskatchewan",https://www.sasktel.com/about-us/news/2025/sasktel-calm-app,11/12/2025,2025-12-11T20:10:00.012862+00:00,,
e441e1cb-679f-49f6-9bbf-280ef44dba69,SaskTel,"SaskTel Launches Samsung’s Cloud-Native 4G and 5G Core, Enabling Rapid Wireless Speeds",https://www.sasktel.com/about-us/news/2025/samsung-cloud-native,11/10/2025,2025-12-11T20:10:00.012862+00:00,,
31394f66-7990-4d5f-b3b2-2236172c2ebd,SaskTel,"Deloitte Canada and SaskTel announce strategic alliance to bring Artificial Intelligence (AI) capabilities and solutions to market, advancing Canada’s AI vision",https://www.sasktel.com/about-us/news/2025/sasktel-alliance-deloitte,9/23/2025,2025-12-11T20:10:00.012862+00:00,,
f734e9d7-48b9-41b1-9bbe-3820445e0e34,SaskTel,SaskTel renews support for communities displaced by Northern Saskatchewan wildfires,https://www.sasktel.com/about-us/news/2025/sasktel-renews-support-for-communities-displaced-by-northern-saskatchewan-wildfires,8/15/2025,2025-12-11T20:10:00.012862+00:00,,
c868616b-d847-46f8-8573-25fbd13e5211,SaskTel,SaskTel extending support to those impacted by wildfires in Northern Saskatchewan,https://www.sasktel.com/about-us/news/2025/sasktel-extends-support-for-those-affected-by-wildfires-in-northern-sask-7-31-2025,7/31/2025,2025-12-11T20:10:00.012862+00:00,,
de0c0a0b-c14d-445d-a3e6-9fc923635570,SaskTel,SaskTel providing support for those impacted by wildfires in Northern Saskatchewan,https://www.sasktel.com/about-us/news/2025/sasktel-providing-support-for-those-impacted-by-wildfires-in-northern-sk-jul25,7/14/2025,2025-12-11T20:10:00.012862+00:00,,
b9170056-6c35-471b-b755-1e0b2c7992ec,SaskTel,Delivering Growth Through Collaboration and Innovation: SaskTel Reports Net Income of $82.2 million in 2024-25,https://www.sasktel.com/about-us/news/2025/sasktel-net-income-24-25,6/23/2025,2025-12-11T20:10:00.012862+00:00,,
38773a83-6a0b-42e6-ae7b-5b455cab655c,SaskTel,SaskTel extends support for those affected by wildfires in Northern Saskatchewan until the end of June,https://www.sasktel.com/about-us/news/2025/sasktel-extends-support-for-those-affected-by-wildfires-in-northern-sask,6/16/2025,2025-12-11T20:10:00.012862+00:00,,
1d492e1f-78e1-4407-b47b-720abc31cddb,SaskTel,Rural connectivity gets a speed boost as SaskTel delivers its ultra-fast infiNET network to another 38 communities,https://www.sasktel.com/about-us/news/2025/rural-connectivity-gets-a-speed-boost,6/9/2025,2025-12-11T20:10:00.012862+00:00,,
4b9a9def-17c2-4ca1-9188-2f1c6f9473c0,SaskTel,Leaders of tomorrow - Celebrating the inspiring winners of the 2025 SaskTel Indigenous Youth Awards of Excellence,https://www.sasktel.com/about-us/news/2025/leaders-of-tomorrow,6/6/2025,2025-12-11T20:10:00.012862+00:00,,
9647eeee-4913-4b1f-ae58-d3e8efadff60,SaskTel,UPDATE: SaskTel supporting those affected by wildfires in Northern Saskatchewan,https://www.sasktel.com/about-us/news/2025/update-sasktel-supporting-those-affected-by-wildfires-in-northern-saskatchewan,6/3/2025,2025-12-11T20:10:00.012862+00:00,,
1801cca2-5cc1-403b-a226-dd758158a94a,SaskTel,SaskTel supporting those affected by wildfires in Northern Saskatchewan,https://www.sasktel.com/about-us/news/2025/sasktel-supporting-those-affected-by-wildfires-in-northern-saskatchewan,6/2/2025,2025-12-11T20:10:00.012862+00:00,,
1f67b87c-f568-45f9-82d3-dda5669fda4a,SaskTel,Des Nedhe Group and SaskTel officially announced the signing of a Memorandum of Understanding (MOU),https://www.sasktel.com/about-us/news/2025/des-nedhe-group-and-sasktel-sign-mou,5/28/2025,2025-12-11T20:10:00.012862+00:00,,
4ae593da-dbde-461f-87f5-7803bb2ba38b,SaskTel,SaskTel to invest $465.9 million in 2025/26 to deliver next-generation connectivity to residents across Saskatchewan,https://www.sasktel.com/about-us/news/2025/sasktel-to-invest-millions-to-deliver-next-gen-connectivity,4/15/2025,2025-12-11T20:10:00.012862+00:00,,
ba30cc7e-d189-4849-b16c-6cad6af8a6f6,SaskTel,Delivering for Rural Saskatchewan: SaskTel expands 5G service to nearly 100 rural cell site,https://www.sasktel.com/about-us/news/2025/sasktel-expands-5g-service-to-nearly-100-rural-cell-sites,3/26/2025,2025-12-11T20:10:00.012862+00:00,,
96dc2467-c0b1-4b87-b194-1bd263a1dd43,SaskTel,Connecting Farmers with Innovation: SaskTel Smart Ag Event at Canada’s Farm Show,https://www.sasktel.com/about-us/news/2025/sasktel-smart-ag-event,3/12/2025,2025-12-11T20:10:00.012862+00:00,,
07fa610e-1493-4e44-8fde-925b7a28a1c1,SaskTel,SaskTel announced that it is now accepting applications for the 2025 SaskTel Indigenous Youth Awards of Excellence.,https://www.sasktel.com/about-us/news/2025/applications-for-the-2025-sasktel-indigenous-youth-awards-of-excellence-now-open,1/23/2025,2025-12-11T20:10:00.012862+00:00,,
f5dbff3b-978f-4df2-bf2e-6fa1192b630e,SaskTel,SaskTel's 2024 TelCare Donations: Strengthening Saskatchewan's Communities Through Generosity,https://www.sasktel.com/about-us/news/2025/sasktels-2024+-telcare-donations,1/21/2025,2025-12-11T20:10:00.012862+00:00,,
Northwestel_20251229_118386510,Northwestel,First-ever gigabit home internet service launches in Yellowknife and Whitehorse,https://www.nwtel.ca/first-ever-gigabit-home-internet-service-launches-yellowknife-and-whitehorse,12/29/2025,2025-12-11T21:19:32,,
Northwestel_20251028_3084165757,Northwestel,"Northwestel connects to new fibre line, bringing faster internet speeds to Tuktoyaktuk",https://www.nwtel.ca/northwestel-connects-new-fibre-line-bringing-faster-internet-speeds-tuktoyaktuk,10/28/2025,2025-12-11T21:19:32,,
Northwestel_20250625_1669442754,Northwestel,"Atlin, BC now connected with fibre-to-the-home technology, first community in Northern Canada to receive 1 Gbps internet speeds",https://www.nwtel.ca/atlin-bc-now-connected-fibre-home-technology-first-community-northern-canada-receive-1-gbps,6/25/2025,2025-12-11T21:19:32,,
Northwestel_20250624_2945095595,Northwestel,Whitehorse 2026 Arctic Winter Games and Northwestel Unveil Official Mascot: Michael Jay,https://www.nwtel.ca/whitehorse-2026-arctic-winter-games-host-society-partnership-northwestel-proudly-unveils-michael,6/24/2025,2025-12-11T21:19:33,,
Northwestel_20250529_974751492,Northwestel,"Northwestel opens a new, accessible retail store in Whitehorse, closes former location.",https://www.nwtel.ca/northwestel-opens-new-accessible-retail-store-whitehorse-closes-former-location,5/29/2025,2025-12-11T21:19:33,,
Northwestel_20250515_1699962138,Northwestel,Northwestel announces 2025 Northern Futures Scholarship to support students across the North.,https://www.nwtel.ca/northwestel-announces-2025-northern-futures-scholarship-support-students-across-north,5/15/2025,2025-12-11T21:19:33,,
Northwestel_20250505_2039527407,Northwestel,Northwestel announces $3 million investment to upgrade Granger to full fibre-to-the-home internet technology and brings 1 Gbps speeds.,https://www.nwtel.ca/northwestel-announces-3-million-investment-upgrade-granger-full-fibre-home-internet-technology-and,5/5/2025,2025-12-11T21:19:33,,
Northwestel_20250414_524924362,Northwestel,Northwestel partners with Fortinet to deliver cybersecurity and SD-WAN solutions to Northern Canadian businesses.,https://www.nwtel.ca/northwestel-partners-fortinet-deliver-cybersecurity-and-sd-wan-solutions-northern-canadian,4/14/2025,2025-12-11T21:19:33,,
Northwestel_20250218_1554286274,Northwestel,High-speed fibre internet service arrives in Smith’s Landing and Fort Fitzgerald,https://www.nwtel.ca/high-speed-fibre-internet-service-arrives-smiths-landing-and-fort-fitzgerald,2/18/2025,2025-12-11T21:19:33,,
,Rogers,Rogers Renews Mark Shapiro as President & CEO of Toronto Blue Jays,https://about.rogers.com/news-ideas/rogers-renews-mark-shapiro-as-president-ceo-of-toronto-blue-jays/,12/12/2025,,,
,Rogers,Rogers Xfinity Introduces Amazon Luna,https://about.rogers.com/news-ideas/rogers-xfinity-introduces-amazon-luna/,12/11/2025,,,
,Rogers,Rogers First to Launch Satellite-to-Mobile Service with Must-Have Apps,https://about.rogers.com/news-ideas/rogers-first-to-launch-satellite-to-mobile-service-with-must-have-apps/,12/9/2025,,,
,Rogers,Thirty-four New 5G Cell Towers are Now Operational Across Eastern Ontario,https://about.rogers.com/news-ideas/thirty-four-new-5g-cell-towers-are-now-operational-across-eastern-ontario/,12/8/2025,,,
,Rogers,Rogers Charity Classic Raises Record-Breaking $26.6 Million for Alberta Children’s Charities,https://about.rogers.com/news-ideas/rogers-charity-classic-raises-record-breaking-26-6-million-for-alberta-childrens-charities/,12/4/2025,,,
,Rogers,This is Our Game: Rogers is a Proud Partner and Fan of the PWHL,https://about.rogers.com/news-ideas/this-is-our-game-rogers-is-a-proud-partner-and-fan-of-the-pwhl/,11/20/2025,,,
,Rogers,Rogers Forum: New Name for the Home of the Abbotsford Canucks,https://about.rogers.com/news-ideas/rogers-forum-new-name-for-the-home-of-the-abbotsford-canucks/,11/13/2025,,,
,Rogers,World Series Game 7 is Most-Watched Rogers Broadcast Ever,https://about.rogers.com/news-ideas/world-series-game-7-is-most-watched-rogers-broadcast-ever/,11/3/2025,,,
,Rogers,Blue Jays Fans Set New Record for Mobile Data Usage at Rogers Centre,https://about.rogers.com/news-ideas/blue-jays-fans-set-new-record-for-mobile-data-usage-at-rogers-centre/,11/3/2025,,,
,Rogers,By the Numbers: Rogers Watch Parties for World Series Away Games,https://about.rogers.com/news-ideas/by-the-numbers-rogers-watch-parties-for-world-series-away-games/,10/30/2025,,,
,Rogers,Trick or Tickets: Rogers World Series Ticket Giveaway Continues for Games 6 and 7,https://about.rogers.com/news-ideas/trick-or-tickets-rogers-world-series-ticket-giveaway-continues-for-games-6-and-7/,10/30/2025,,,
,Rogers,Rogers Xfinity Pro Brings Canadians an Elevated WiFi Experience,https://about.rogers.com/news-ideas/rogers-xfinity-pro-brings-canadians-an-elevated-wifi-experience/,10/30/2025,,,
,Rogers,Blue Jays Fans Set New Record for Internet Data,https://about.rogers.com/news-ideas/blue-jays-fans-set-new-record-for-internet-data/,10/28/2025,,,
,Rogers,Rogers Hosts World Series Watch Parties for Games Three & Four @ Rogers Centre,https://about.rogers.com/news-ideas/rogers-hosts-world-series-watch-parties-for-games-three-four-rogers-centre/,10/23/2025,,,
,Rogers,Bring it Home: Rogers World Series Ticket Giveaway for Fans and Customers Starts Today,https://about.rogers.com/news-ideas/bring-it-home-rogers-world-series-ticket-giveaway-for-fans-and-customers-starts-today/,10/23/2025,,,
,Rogers,Rogers Communications Declares 50 Cents per Share Quarterly Dividend,https://about.rogers.com/news-ideas/rogers-communications-declares-50-cents-per-share-quarterly-dividend-27/,10/23/2025,,,
,Rogers,Rogers Communications Reports Third Quarter 2025 Results,https://about.rogers.com/news-ideas/rogers-communications-reports-third-quarter-2025-results/,10/23/2025,,,
,Rogers,Canadians From Coast-to-Coast Can Stream More and Save More With Rogers Xfinity StreamSaver,https://about.rogers.com/news-ideas/canadians-from-coast-to-coast-can-stream-more-and-save-more-with-rogers-xfinity-streamsaver/,10/22/2025,,,
,Rogers,Rogers Delivers Most-Watched Blue Jays Game Ever with ALCS Game 7 on Sportsnet,https://about.rogers.com/news-ideas/rogers-delivers-most-watched-blue-jays-game-ever-with-alcs-game-7-on-sportsnet/,10/21/2025,,,
,Rogers,Rogers Brings Dial the Dugout Contest to Vancouver to Cheer on the Blue Jays… in Seattle,https://about.rogers.com/news-ideas/rogers-brings-dial-the-dugout-contest-to-vancouver-to-cheer-on-the-blue-jays-in-seattle/,10/15/2025,,,
,Rogers,Rogers Brings Dial the Dugout Contest to Halifax to Cheer on the Blue Jays,https://about.rogers.com/news-ideas/rogers-brings-dial-the-dugout-contest-to-halifax-to-cheer-on-the-blue-jays/,10/15/2025,,,
,Rogers,Rogers Brings Dial the Dugout Contest to Ottawa to Cheer on the Blue Jays,https://about.rogers.com/news-ideas/rogers-brings-dial-the-dugout-contest-to-ottawa-to-cheer-on-the-blue-jays/,10/15/2025,,,
,Rogers,Rogers Brings Dial the Dugout Contest to Montreal to Cheer on the Blue Jays,https://about.rogers.com/news-ideas/rogers-brings-dial-the-dugout-contest-to-montreal-to-cheer-on-the-blue-jays/,10/15/2025,,,
,Rogers,Nearly Half of Canadians Would Ditch Turkey Dinner to Go to a Blue Jays Game,https://about.rogers.com/news-ideas/nearly-half-of-canadians-would-ditch-turkey-dinner-to-go-to-a-blue-jays-game/,10/12/2025,,,
,Rogers,Rogers Launches Dial the Dugout Contests: Blue Jays Fans Can Win 500 Tickets to Each ALCS Home Game,https://about.rogers.com/news-ideas/dial-the-dugout/,10/11/2025,,,
,Rogers,Rogers Giving Away 500 Tickets to Every Blue Jays Postseason Game at Rogers Centre,https://about.rogers.com/news-ideas/rogers-giving-away-500-tickets-to-every-blue-jays-postseason-game-at-rogers-centre/,10/2/2025,,,
,Rogers,"Rogers Communications 3Q25 Investment Community Teleconference - October 23, 2025 at 8:00 a.m. ET",https://about.rogers.com/news-ideas/rogers-communications-3q25-investment-community-teleconference-october-23-2025-at-800-a-m-et/,9/29/2025,,,
,Rogers,"Rogers Sports & Media and Bryan and Sarah Baeumler Strike Production Deal for HGTV, Beginning 2027",https://about.rogers.com/news-ideas/rogers-sports-media-and-bryan-and-sarah-baeumler-strike-production-deal-for-hgtv-beginning-2027/,9/26/2025,,,
,Rogers,Citytv+ Now Available Direct-to-Consumer on All Major Platforms & in New Bundle With Sportsnet+,https://about.rogers.com/news-ideas/citytv-now-available-direct-to-consumer-on-all-major-platforms-in-new-bundle-with-sportsnet/,9/22/2025,,,
,Rogers,Rogers Mourns the Passing of Nadir Mohamed,https://about.rogers.com/news-ideas/rogers-mourns-the-passing-of-nadir-mohamed/,9/19/2025,,,
,Rogers,Bryan Adams Headlines Citytv’s Star-Studded Holiday Programming Slate,https://about.rogers.com/news-ideas/bryan-adams-headlines-citytvs-star-studded-holiday-programming-slate/,9/18/2025,,,
,Rogers,HGTV Seeks Extraordinary Canadian Small Town to Star in New Series Home Town Takeover Canada,https://about.rogers.com/news-ideas/hgtv-seeks-extraordinary-canadian-small-town-to-star-in-new-series-home-town-takeover-canada/,9/16/2025,,,
,Rogers,Cheers to TIFF 50,https://about.rogers.com/news-ideas/cheers-to-tiff-50/,9/15/2025,,,
,Rogers,"Rogers to Offer the New iPhone 17, iPhone Air, iPhone 17 Pro, iPhone 17 Pro Max, Apple Watch Series 11, Apple Watch Ultra 3, and AirPods Pro 3",https://about.rogers.com/news-ideas/rogers-to-offer-the-new-iphone-17-iphone-air-iphone-17-pro-iphone-17-pro-max-apple-watch-series-11-apple-watch-ultra-3-and-airpods-pro-3/,9/12/2025,,,
,Rogers,Rogers Satellite Expands to More Areas Across Canada,https://about.rogers.com/news-ideas/rogers-satellite-expands-to-more-areas-across-canada/,9/9/2025,,,
,Rogers,Cameras Invited to Capture B-roll of Rogers TIFF 50 Timescape in Yorkville this Weekend,https://about.rogers.com/news-ideas/cameras-invited-to-capture-b-roll-of-rogers-tiff-50-timescape-in-yorkville-this-weekend/,9/4/2025,,,
,Rogers,Rogers Celebrates TIFF's 50th Edition with Retrospective in Yorkville,https://about.rogers.com/news-ideas/rogers-celebrates-tiffs-50th-edition-with-retrospective-in-yorkville/,9/2/2025,,,
,Rogers,"Stream More, Save More: Rogers Xfinity Brings Netflix, Disney+ and Apple TV+ Together in One Plan",https://about.rogers.com/news-ideas/stream-more-save-more-rogers-xfinity-brings-netflix-disney-and-apple-tv-together-in-one-plan/,8/28/2025,,,
,Rogers,Rogers Awards 2025 Rogers Youth Grants to Organizations Across Canada,https://about.rogers.com/news-ideas/rogers-awards-2025-rogers-youth-grants-to-organizations-across-canada/,8/21/2025,,,
,Rogers,Rogers Xfinity Expands Self Protection to Give Customers More Control of Their Smart Home from Anywhere,https://about.rogers.com/news-ideas/rogers-xfinity-expands-self-protection-to-give-customers-more-control-of-their-smart-home-from-anywhere/,8/20/2025,,,
,Rogers,Rogers Enters Into Definitive Agreement to Sell Portfolio of Data Centres,https://about.rogers.com/news-ideas/rogers-enters-into-definitive-agreement-to-sell-portfolio-of-data-centres/,8/14/2025,,,
,Rogers,"Rogers “Plus It Up” Campaign Showcases Family, Savings, and the Power of 5G+",https://about.rogers.com/news-ideas/rogers-plus-it-up-campaign-showcases-family-savings-and-the-power-of-5g/,8/11/2025,,,
,Rogers,Queen of the Court: Team Rogers Athlete Vicky Mboko Wins National Bank Open in Montreal,https://about.rogers.com/news-ideas/queen-of-the-court-team-rogers-athlete-vicky-mboko-wins-national-bank-open-in-montreal/,8/8/2025,,,
,Rogers,Rogers Comments on Federal Government's Wholesale Internet Access Decision,https://about.rogers.com/news-ideas/rogers-comments-on-federal-governments-wholesale-internet-access-decision/,8/6/2025,,,
,Rogers,Rogers Xfinity Brings Even More Content to Canadians on the Best Entertainment Experience,https://about.rogers.com/news-ideas/rogers-xfinity-brings-even-more-content-to-canadians-on-the-best-entertainment-experience/,7/31/2025,,,
,Rogers,Rogers Brings WiFi 7 to Quebec,https://about.rogers.com/news-ideas/rogers-brings-wifi-7-to-quebec/,7/30/2025,,,
,Rogers,"Bell Launches HGTV, Food Network and Discovery on Bell TV",https://about.rogers.com/news-ideas/bell-launches-hgtv-food-network-and-discovery-on-bell-tv-signs-deal-with-rogers-for-specialty-channel-distribution-across-platforms/,7/29/2025,,,
,Rogers,"Rogers Brings Legends of Hockey to Rogers Charity Classic for $100,000 Showdown",https://about.rogers.com/news-ideas/rogers-brings-legends-of-hockey-to-rogers-charity-classic-for-100000-showdown/,7/29/2025,,,
,Rogers,Rogers Communications Declares 50 Cents per Share Quarterly Dividend,https://about.rogers.com/news-ideas/rogers-communications-declares-50-cents-per-share-quarterly-dividend-26/,7/23/2025,,,
,Rogers,Rogers Communications Reports Second Quarter 2025 Results,https://about.rogers.com/news-ideas/rogers-communications-reports-second-quarter-2025-results/,7/23/2025,,,
,Rogers,Rogers Brings WiFi 7 to Atlantic Canada,https://about.rogers.com/news-ideas/rogers-brings-wifi-7-to-atlantic-canada/,7/22/2025,,,
,Rogers,Rogers Announces Pricing of Cash Tender Offers for Canadian Dollar Debt Securities,https://about.rogers.com/news-ideas/rogers-announces-pricing-of-cash-tender-offers-for-canadian-dollar-debt-securities/,7/21/2025,,,
,Rogers,Rogers Announces Results and Upsize of its Cash Tender Offers for Eight Series of U.S. Dollar Debt Securities,https://about.rogers.com/news-ideas/rogers-announces-results-and-upsize-of-its-cash-tender-offers-for-eight-series-of-u-s-dollar-debt-securities/,7/21/2025,,,
,Rogers,Rogers Announces Upsizing and Results of its Cash Tender Offers for Canadian Dollar Debt Securities,https://about.rogers.com/news-ideas/rogers-announces-upsizing-and-results-of-its-cash-tender-offers-for-canadian-dollar-debt-securities/,7/21/2025,,,
,Rogers,Rogers Announces Pricing of Cash Tender Offers for Eight Series of U.S. Dollar Debt Securities,https://about.rogers.com/news-ideas/rogers-announces-pricing-of-cash-tender-offers-for-eight-series-of-u-s-dollar-debt-securities/,7/18/2025,,,
,Rogers,Rogers Launches Satellite-to-Mobile Service in Canada,https://about.rogers.com/news-ideas/rogers-launches-satellite-to-mobile-service-in-canada/,7/15/2025,,,
,Rogers,Rogers Announces Cash Tender Offers for Eight Series of U.S. Dollar Debt Securities,https://about.rogers.com/news-ideas/rogers-announces-cash-tender-offers-for-eight-series-of-u-s-dollar-debt-securities/,7/11/2025,,,
,Rogers,Rogers Announces Cash Tender Offers for Six Series of Debt Securities,https://about.rogers.com/news-ideas/rogers-announces-cash-tender-offers-for-six-series-of-debt-securities/,7/11/2025,,,
,Rogers,Rogers Launches New Roam Like Home Travel Passes For Longer Trips Abroad,https://about.rogers.com/news-ideas/rogers-launches-new-roam-like-home-travel-passes-for-longer-trips-abroad/,7/8/2025,,,
,Rogers,Rogers Becomes Majority Owner of Maple Leaf Sports & Entertainment​,https://about.rogers.com/news-ideas/rogers-becomes-majority-owner-of-maple-leaf-sports-entertainment/,7/2/2025,,,
,Rogers,Rogers Launches WiFi 7,https://about.rogers.com/news-ideas/rogers-launches-wifi-7/,6/30/2025,,,
,Rogers,Rogers Celebrates 40th Anniversary of Canada’s First Wireless Call on July 1,https://about.rogers.com/news-ideas/rogers-celebrates-40th-anniversary-of-canadas-first-wireless-call-on-july-1/,6/27/2025,,,
,Rogers,40 Years Later: The Canada Day Call in Toronto that Launched a Nation’s Wireless Future,https://about.rogers.com/news-ideas/40-years-later-the-canada-day-call-in-toronto-that-launched-a-nations-wireless-future/,6/27/2025,,,
,Rogers,"Rogers Communications 2Q25 Investment Community Teleconference - July 23, 2025 at 8:00 a.m. ET",https://about.rogers.com/news-ideas/rogers-communications-2q25-investment-community-teleconference-july-23-2025-at-800-a-m-et/,6/26/2025,,,
,Rogers,Rogers Builds New 5G+ Network at Rogers Stadium,https://about.rogers.com/news-ideas/rogers-builds-new-5g-network-at-rogers-stadium/,6/23/2025,,,
,Rogers,Rogers Closes CDN$7 Billion Equity Investment Transaction,https://about.rogers.com/news-ideas/rogers-closes-cdn7-billion-equity-investment-transaction/,6/20/2025,,,
,Rogers,Edward Rogers Honoured with Business Leader of the Year Award,https://about.rogers.com/news-ideas/edward-rogers-honoured-with-business-leader-of-the-year-award/,6/20/2025,,,
,Rogers,Rogers Comments on CRTC Wholesale Internet Access Decision,https://about.rogers.com/news-ideas/rogers-comments-on-crtc-wholesale-internet-access-decision/,6/20/2025,,,
,Rogers,Rogers Ranked Canada’s Most Reliable 5G+ Network by Umlaut,https://about.rogers.com/news-ideas/rogers-ranked-canadas-most-reliable-5g-network-by-umlaut/,6/16/2025,,,
,Rogers,Rogers Comments on CRTC’s NBA TV Canada Approval,https://about.rogers.com/news-ideas/rogers-comments-on-crtcs-nba-tv-canada-approval/,6/12/2025,,,
,Rogers,Sixty-three New 5G Cell Towers are Now Operational Across Eastern Ontario,https://about.rogers.com/news-ideas/sixty-three-new-5g-cell-towers-are-now-operational-across-eastern-ontario/,6/12/2025,,,
,Rogers,Rogers Brings Canada’s Most Reliable Internet to Southern Gulf Islands,https://about.rogers.com/news-ideas/rogers-brings-canadas-most-reliable-internet-to-southern-gulf-islands/,6/11/2025,,,
,Rogers,Rogers Donates $1 Million to 2025 Rogers Charity Classic,https://about.rogers.com/news-ideas/rogers-donates-1-million-to-2025-rogers-charity-classic/,6/9/2025,,,
,Rogers,Rogers Receives League Approvals on MLSE Acquisition,https://about.rogers.com/news-ideas/rogers-receives-league-approvals-on-mlse-acquisition/,6/4/2025,,,
,Rogers,"It’s Time to Call, Text or Send a Video Message to Connor McDavid to Cheer On the Oilers",https://about.rogers.com/news-ideas/its-time-to-call-text-or-send-a-video-message-to-connor-mcdavid-to-cheer-on-the-oilers/,6/4/2025,,,
,Rogers,Rogers Turns on First-in-Canada 5G Advanced Network Technology,https://about.rogers.com/news-ideas/rogers-turns-on-first-in-canada-5g-advanced-network-technology/,6/3/2025,,,
,Rogers,This Is Our Game and This Is Our Ice: Rogers Place Resurfaced With Ice From Oilers Players’ Hometown Rinks Across Canada,https://about.rogers.com/news-ideas/this-is-our-game-and-this-is-our-ice-rogers-place-resurfaced-with-ice-from-oilers-players-hometown-rinks-across-canada/,6/3/2025,,,
,Rogers,Bravo | HGTV | Food Network | Discovery | FX | Magnolia Network | ID - Fan-Favourite Shows Lead Powerhouse Specialty Portfolio from Rogers Sports & Media,https://about.rogers.com/news-ideas/bravo-hgtv-food-network-discovery-fx-magnolia-network-id-fan-favourite-shows-lead-powerhouse-specialty-portfolio-from-rogers-sports-media/,6/3/2025,,,
,Rogers,"Proven Hits Return to Citytv & Citytv+ - The Price is Right Tonight with Host Howie Mandel, Coming Spring 2026",https://about.rogers.com/news-ideas/proven-hits-return-to-citytv-citytv-the-price-is-right-tonight-with-host-howie-mandel-coming-spring-2026/,6/3/2025,,,
,Rogers,Big Names & Fresh Faces Headline Rogers Sports & Media’s Canadian Originals Slate for HGTV and Food Network,https://about.rogers.com/news-ideas/big-names-fresh-faces-headline-rogers-sports-medias-canadian-originals-slate-for-hgtv-and-food-network/,6/2/2025,,,
,Rogers,2025 Stanley Cup Finals Begins June 4 on Sportsnet,https://about.rogers.com/news-ideas/2025-stanley-cup-finals-begins-june-4-on-sportsnet/,5/30/2025,,,
,Rogers,"Sportsnet Announces 2025 Stanley Cup Playoffs Conference Finals Coverage Details, Beginning May 20",https://about.rogers.com/news-ideas/sportsnet-announces-2025-stanley-cup-playoffs-conference-finals-coverage-details-beginning-may-20/,5/19/2025,,,
,Rogers,The Best Entertainment Experience Is Here With New Rogers Xfinity TV Spot,https://about.rogers.com/news-ideas/the-best-entertainment-experience-is-here-with-new-rogers-xfinity-tv-spot/,5/16/2025,,,
,Rogers,Rogers Xfinity TV Now Delivers the Most Content in Canada,https://about.rogers.com/news-ideas/rogers-xfinity-tv-now-delivers-the-most-content-in-canada/,5/15/2025,,,
,Rogers,"Rogers Awards $1M to Canada’s Got Talent Champion JACOB LEWIS From BUTLERVILLE, NL",https://about.rogers.com/news-ideas/rogers-awards-1m-to-canadas-got-talent-champion-jacob-lewis-from-butlerville-nl/,5/13/2025,,,
,Rogers,Rogers Brings 27 New Free Channels to Rogers Xfinity TV Experience,https://about.rogers.com/news-ideas/rogers-brings-27-new-free-channels-to-rogers-xfinity-tv-experience/,5/7/2025,,,
,Rogers,"Competing for Rogers $1M Prize: Canada’s Got Talent Reveals the First Six Performers Heading to the Finale, May 13 on Citytv",https://about.rogers.com/news-ideas/competing-for-rogers-1m-prize-canadas-got-talent-reveals-the-first-six-performers-heading-to-the-finale-may-13-on-citytv/,5/6/2025,,,
,Rogers,"Sportsnet Announces 2025 Stanley Cup Playoffs Second Round Coverage Details, Beginning Tonight",https://about.rogers.com/news-ideas/sportsnet-announces-2025-stanley-cup-playoffs-second-round-coverage-details-beginning-tonight/,5/5/2025,,,
,Rogers,Competing for Rogers $1M Prize: Canada’s Got Talent Reveals All Performers Heading to The Eliminations on Citytv,https://about.rogers.com/news-ideas/competing-for-rogers-1m-prize-canadas-got-talent-reveals-all-performers-heading-to-the-eliminations-on-citytv/,4/29/2025,,,
,Rogers,Rogers Becomes Official Presenting Sponsor of Les Francos de Montréal,https://about.rogers.com/news-ideas/rogers-becomes-official-presenting-sponsor-of-les-francos-de-montreal/,4/29/2025,,,
,Rogers,Rogers Adds More 2025 Stanley Cup Playoff Games to Rogers Xfinity Multiview,https://about.rogers.com/news-ideas/rogers-adds-more-2025-stanley-cup-playoff-games-to-rogers-xfinity-multiview/,4/29/2025,,,
,Rogers,Rogers Contributed Over $14 Billion to Canada’s National GDP in 2024,https://about.rogers.com/news-ideas/rogers-contributed-over-14-billion-to-canadas-national-gdp-in-2024/,4/28/2025,,,
,Rogers,Rogers Turns on 5G Service in More TTC Subway Tunnels,https://about.rogers.com/news-ideas/rogers-turns-on-5g-service-in-more-ttc-subway-tunnels/,4/25/2025,,,
,Rogers,Rogers Communications Announces Voting Results from Annual General Meeting of Shareholders,https://about.rogers.com/news-ideas/rogers-communications-announces-voting-results-from-annual-general-meeting-of-shareholders/,4/23/2025,,,
,Rogers,Tony Staffieri Speaks at 2025 Annual General Meeting,https://about.rogers.com/news-ideas/tony-staffieri-speaks-at-2025-annual-general-meeting/,4/23/2025,,,
,Rogers,Rogers Communications Declares 50 Cents per Share Quarterly Dividend,https://about.rogers.com/news-ideas/rogers-communications-declares-50-cents-per-share-quarterly-dividend-25/,4/23/2025,,,
,Rogers,Rogers Communications Reports First Quarter 2025 Results,https://about.rogers.com/news-ideas/rogers-communications-reports-first-quarter-2025-results/,4/23/2025,,,
,Rogers,Competing for Rogers $1M Prize: Top Performers from Tonight’s Episode of Canada’s Got Talent,https://about.rogers.com/news-ideas/competing-for-rogers-1m-prize-top-performers-from-tonights-episode-of-canadas-got-talent-6/,4/22/2025,,,
,Rogers,Rogers Awarded Canada’s Most Reliable 5G Network by Umlaut,https://about.rogers.com/news-ideas/rogers-awarded-canadas-most-reliable-5g-network-by-umlaut-2/,4/22/2025,,,
,Rogers,Introducing Rogers Xfinity Multiview: Watch Multiple 2025 Stanley Cup Playoff Games All on One Screen,https://about.rogers.com/news-ideas/introducing-rogers-xfinity-multiview-watch-multiple-2025-stanley-cup-playoff-games-all-on-one-screen/,4/21/2025,,,
,Rogers,"Sportsnet Announces 2025 Stanley Cup Playoffs First Round Coverage Details, Beginning April 19",https://about.rogers.com/news-ideas/sportsnet-announces-2025-stanley-cup-playoffs-first-round-coverage-details-beginning-april-19/,4/17/2025,,,
,Rogers,Rogers Communications Inc. Announces Successful Completion of Consent Solicitations for Senior Notes to Facilitate Subsidiary Equity Investment,https://about.rogers.com/news-ideas/rogers-communications-inc-announces-successful-completion-of-consent-solicitations-for-senior-notes-to-facilitate-subsidiary-equity-investment/,4/16/2025,,,
,Rogers,Competing for Rogers $1M Prize: Top Performers from Tonight’s Episode of Canada’s Got Talent,https://about.rogers.com/news-ideas/competing-for-rogers-1m-prize-top-performers-from-tonights-episode-of-canadas-got-talent-5/,4/15/2025,,,
,Rogers,"More Mobile Lines, More Benefits, More Value for Canadians, only at Rogers",https://about.rogers.com/news-ideas/more-mobile-lines-more-benefits-more-value-for-canadians-only-at-rogers/,4/15/2025,,,
,Rogers,Competing for Rogers $1M Prize: Top Performers from Tonight’s Episode of Canada’s Got Talent,https://about.rogers.com/news-ideas/competing-for-rogers-1m-prize-top-performers-from-tonights-episode-of-canadas-got-talent-4/,4/8/2025,,,
,Rogers,Rogers Communications Inc. Announces Consent Solicitations for Senior Notes to Facilitate Subsidiary Equity Investment,https://about.rogers.com/news-ideas/rogers-communications-inc-announces-consent-solicitations-for-senior-notes-to-facilitate-subsidiary-equity-investment/,4/4/2025,,,
,Rogers,Rogers Concludes Definitive Agreement for CDN$7 Billion Equity Investment,https://about.rogers.com/news-ideas/rogers-concludes-definitive-agreement-for-cdn7-billion-equity-investment/,4/4/2025,,,
,Rogers,The NHL and Rogers Announce Monumental 12-Year National Media Rights Deal,https://about.rogers.com/news-ideas/the-nhl-and-rogers-announce-monumental-12-year-national-media-rights-deal/,4/2/2025,,,
,Rogers,Competing for Rogers $1M Prize: Top Performers from Tonight’s Episode of Canada’s Got Talent,https://about.rogers.com/news-ideas/competing-for-rogers-1m-prize-top-performers-from-tonights-episode-of-canadas-got-talent-3/,4/1/2025,,,
,Rogers,Competing for Rogers $1M Prize: Top Performers from Tonight’s Episode of Canada’s Got Talent,https://about.rogers.com/news-ideas/competing-for-rogers-1m-prize-top-performers-from-tonights-episode-of-canadas-got-talent-2/,3/25/2025,,,
,Rogers,"Rogers Communications 1Q25 Investment Community Teleconference - April 23, 2025 at 8:00 a.m. ET",https://about.rogers.com/news-ideas/rogers-communications-1q25-investment-community-teleconference-april-23-2025-at-800-a-m-et/,3/25/2025,,,
,Rogers,Competing for Rogers $1M Prize: Top Performers from Tonight’s Episode of Canada’s Got Talent,https://about.rogers.com/news-ideas/competing-for-rogers-1m-prize-top-performers-from-tonights-episode-of-canadas-got-talent/,3/18/2025,,,
,Rogers,Dina Pugliese Returns to Breakfast Television with New Co-Host Tim Bolen,https://about.rogers.com/news-ideas/dina-pugliese-returns-to-breakfast-television-with-new-co-host-tim-bolen/,3/17/2025,,,
,Rogers,Rogers Recognized as Canada’s Most Reliable Internet by Opensignal,https://about.rogers.com/news-ideas/rogers-recognized-as-canadas-most-reliable-internet-by-opensignal/,3/13/2025,,,
,Rogers,Rogers Communications Inc. Files Annual Report to Shareholders,https://about.rogers.com/news-ideas/rogers-communications-inc-files-annual-report-to-shareholders-2/,3/6/2025,,,
,Rogers,"Can’t Find the Latest Episodes of Your Favourite HGTV, Food Network and Discovery Shows?",https://about.rogers.com/news-ideas/cant-find-the-latest-episodes-of-your-favourite-hgtv-food-network-and-discovery-shows/,3/5/2025,,,
,Rogers,Canada’s Got Talent Reveals the Showstopping Acts Competing for $1M Grand Prize from Rogers,https://about.rogers.com/news-ideas/canadas-got-talent-reveals-the-showstopping-acts-competing-for-1m-grand-prize-from-rogers/,3/4/2025,,,
,Rogers,"4 Nations Face-Off 50/50 Presented by Rogers Contributes $180,000 to Support Montreal-Based Sun Youth",https://about.rogers.com/news-ideas/4-nations-face-off-50-50-presented-by-rogers-contributes-180000-to-support-montreal-based-sun-youth/,3/4/2025,,,
,Rogers,Our Team. Our Game.,https://about.rogers.com/news-ideas/our-team-our-game/,2/21/2025,,,
,Rogers,4 Nations Face-Off: Canadian Pride Would Surge if Canada Beat the U.S. in Hockey Showdown,https://about.rogers.com/news-ideas/4-nations-face-off-canadian-pride-would-surge-if-canada-beat-the-u-s-in-hockey-showdown/,2/20/2025,,,
,Rogers,Rogers Recognized as Canada’s Most Reliable Wireless Network by Opensignal,https://about.rogers.com/news-ideas/rogers-recognized-as-canadas-most-reliable-wireless-network-by-opensignal/,2/19/2025,,,
,Rogers,Rogers Launches New Rogers Xfinity Campaign,https://about.rogers.com/news-ideas/rogers-launches-new-rogers-xfinity-campaign/,2/12/2025,,,
,Rogers,"Rogers, NHL and NHLPA Team Up to Support Sun Youth in Montreal During 4 Nations Face-Off",https://about.rogers.com/news-ideas/rogers-nhl-and-nhlpa-team-up-to-support-sun-youth-in-montreal-during-4-nations-face-off/,2/11/2025,,,
,Rogers,Rogers Communications Inc. Announces Pricing of Public Offering of US$2.1 billion Fixed-to-Fixed Rate Subordinated Notes and Canadian Private Placement of Cdn$1.0 billion Fixed-to-Fixed Rate Subordinated Notes,https://about.rogers.com/news-ideas/rogers-communications-inc-announces-pricing-of-public-offering-of-us2-1-billion-fixed-to-fixed-rate-subordinated-notes-and-canadian-private-placement-of-cdn1-0-billion-fixed-to-fixed-rate-subordina/,2/10/2025,,,
,Rogers,Rogers New “Là on jase” Quebec Campaign Features Patrice Robitaille,https://about.rogers.com/news-ideas/rogers-new-la-on-jase-quebec-campaign-features-patrice-robitaille/,2/10/2025,,,
,Rogers,Rogers Proudly Supports Team Canada,https://about.rogers.com/news-ideas/rogers-proudly-supports-team-canada/,2/10/2025,,,
,Rogers,Rogers Supports YMCA of Greater Toronto to Expand Black Achievers Mentorship Program,https://about.rogers.com/news-ideas/rogers-supports-ymca-of-greater-toronto-to-expand-black-achievers-mentorship-program/,2/5/2025,,,
,Rogers,Rogers Communications Declares 50 Cents per Share Quarterly Dividend,https://about.rogers.com/news-ideas/rogers-communications-declares-50-cents-per-share-quarterly-dividend-24/,1/30/2025,,,
,Rogers,Rogers Communications Reports Fourth Quarter 2024 Results; Announces 2025 Financial Guidance,https://about.rogers.com/news-ideas/rogers-communications-reports-fourth-quarter-2024-results-announces-2025-financial-guidance/,1/30/2025,,,
,Rogers,Rogers Xfinity Introduces App TV,https://about.rogers.com/news-ideas/rogers-xfinity-introduces-app-tv/,1/29/2025,,,
,Rogers,Rogers and TIFF Sign Multi-Year Deal,https://about.rogers.com/news-ideas/rogers-and-tiff-sign-multi-year-deal/,1/21/2025,,,
,Rogers,Hockey Night in Canada on APTN Expands: In Plains Cree for a Third Season and Now Also in Inuktitut!,https://about.rogers.com/news-ideas/hockey-night-in-canada-on-aptn-expands-in-plains-cree-for-a-third-season-and-now-also-in-inuktitut/,1/6/2025,,,
,Rogers,"Rogers Communications Notice for 4Q24 Results Teleconference January 30, 2025, at 8:00 A.M. ET",https://about.rogers.com/news-ideas/rogers-communications-notice-for-4q24-results-teleconference-january-30-2025-at-800-a-m-et/,1/3/2025,,,
,Videotron,Videotron Ltd. Announces Closing of Private Offering of C$800 Million Series 3 Senior Notes due 2032,https://corpo.videotron.com/en/pressroom/videotron-ltd-announces-closing-private-offering-c800-million-series-3-senior-notes-due,11/20/2025,,,
,Videotron,Videotron’s Helix technology comes to several municipalities in Saguenay–Lac-Saint-Jean,https://corpo.videotron.com/en/pressroom/videotrons-helix-technology-comes-several-municipalities-saguenay-lac-saint-jean,11/5/2025,,,
,Videotron,"Videotron Ltd. Announces Conditional Notice of Redemption for All of its 5⅛% Senior Notes due April 15, 2027",https://corpo.videotron.com/en/pressroom/videotron-ltd-announces-conditional-notice-redemption-all-its-5-18-senior-notes-due-april,10/21/2025,,,
,Videotron,Videotron Ltd. Prices Private Offering of C$800 million Series 3 Senior Notes due 2032,https://corpo.videotron.com/en/pressroom/videotron-ltd-prices-private-offering-c800-million-series-3-senior-notes-due-2032,10/21/2025,,,
,Videotron,Latest Léger survey: Videotron confirms its top ranking position in Quebec,https://corpo.videotron.com/en/pressroom/latest-leger-survey-videotron-confirms-its-top-ranking-position-quebec,10/6/2025,,,
,Videotron,"Videotron’s Helix technology comes to Drummondville, Magog, Rimouski and Saint-Hyacinthe",https://corpo.videotron.com/en/pressroom/videotrons-helix-technology-comes-drummondville-magog-rimouski-and-saint-hyacinthe,10/1/2025,,,
,Videotron,Videotron teams up with CIEL to help Québec families achieve better digital balance,https://corpo.videotron.com/en/pressroom/videotron-teams-ciel-help-quebec-families-achieve-better-digital-balance,9/4/2025,,,
,Videotron,Videotron launches Internet and TV services in Trois-Rivières,https://corpo.videotron.com/en/pressroom/videotron-launches-internet-and-tv-services-trois-rivieres,9/4/2025,,,
,Videotron,Videotron launches Internet and TV services in Huntingdon,https://corpo.videotron.com/en/pressroom/videotron-launches-internet-and-tv-services-huntingdon,9/4/2025,,,
,Videotron,Videotron launches mobile services in several areas of the Haute-Mauricie region,https://corpo.videotron.com/en/pressroom/videotron-launches-mobile-services-several-areas-haute-mauricie-region,8/29/2025,,,
,Videotron,Videotron launches Internet and TV services in Salaberry-de-Valleyfield,https://corpo.videotron.com/en/pressroom/videotron-launches-internet-and-tv-services-salaberry-de-valleyfield,8/20/2025,,,
,Videotron,SEVL-2815 labour contract in Western Québec region: Members ratify tentative agreement,https://corpo.videotron.com/en/pressroom/sevl-2815-labour-contract-western-quebec-region-members-ratify-tentative-agreement,7/23/2025,,,
,Videotron,Videotron launches 2.5 GIGA symmetrical Internet plan,https://corpo.videotron.com/en/pressroom/videotron-launches-25-giga-symmetrical-internet-plan,6/18/2025,,,
,Videotron,"Videotron expands GIGA Internet service to over 350,000 more households across Québec!",https://corpo.videotron.com/en/pressroom/videotron-expands-giga-internet-service-over-350000-more-households-across-quebec,6/11/2025,,,
,Videotron,Videotron is Québec’s most respected telecommunications provider for the 19th time,https://corpo.videotron.com/en/pressroom/videotron-quebecs-most-respected-telecommunications-provider-19th-time,4/11/2025,,,
,Videotron,Videotron expands its wireless service area in the Témiscamingue region,https://corpo.videotron.com/en/pressroom/videotron-expands-its-wireless-service-area-temiscamingue-region,2/20/2025,,,
,Videotron,"Léger WOW Index: Videotron, Fizz and Freedom Mobile lead the telecom industry in customer experience",https://corpo.videotron.com/en/pressroom/leger-wow-index-videotron-fizz-and-freedom-mobile-lead-telecom-industry-customer,1/24/2025,,,
,Videotron,"Videotron, Fizz and Freedom Mobile outperform the industry in customer satisfaction",https://corpo.videotron.com/en/pressroom/videotron-fizz-and-freedom-mobile-outperform-industry-customer-satisfaction,1/15/2025,,,
,Sogetel,Vols de cuivre : une menace croissante pour les réseaux de télécommunications et la sécurité publique,https://sogetel.com/salle-de-presse/vols-de-cuivre-une-menace-croissante-pour-les-reseaux-de-telecommunications-et-la-securite-publique,9/22/2025,,,
,Sogetel,Sogetel Mobilité annonce la construction de quatre nouveaux sites cellulaires dans Maskinongé,https://sogetel.com/salle-de-presse/sogetel-mobilite-annonce-la-construction-de-quatre-nouveaux-sites-cellulaires-dans-maskinonge,1/15/2025,,,
Beanfield,Beanfield,"Beanfield proudly welcomes new Chief Financial Officer, Winnie Leung",https://blog.beanfield.com/beanfield-proudly-welcomes-new-chief-financial-officer-winnie-leung,2025-03-24
,Bruce Telecom,Bruce Telecom Joins Forces With Independent Providers to Launch ITPA Carrier Services,https://brucetelecom.com/bruce-telecom-joins-forces-with-independent-providers-to-launch-itpa-carrier-services/,2025-10-31
,Bruce Telecom,Corus Channel Updates,https://brucetelecom.com/corus-channel-updates/,2025-07-15
,Bruce Telecom,Bruce Telecom and Saugeen First Nation announce strategic partnership to supply telecom services and expand Fibre-to-the-Home capacity,https://brucetelecom.com/bruce-telecom-and-saugeen-first-nation-announce-strategic-partnership-to-supply-telecom-services-and-expand-fibre-to-the-home-capacity/,2025-05-12
,Bruce Telecom,Ultra High-Speed Internet for Gobles Grove community now just weeks away.,https://brucetelecom.com/ultra-high-speed-internet-for-gobles-grove-community-now-just-weeks-away/,2025-03-27
,Eastlink,"July 16, 2025 NATIONAL Public Relations has partnered with Eastlink, one of Atlantic Canada’s most successful family-owned businesses, on a new campaign that highlights the powerful impact of authentic customer service.",https://www.eastlink.ca/news-release/national-develops-new-campaign-in-partnership-with-eastlink-showcasing-the-power-of-customer-service/,2025-07-16
,Eastlink,"May 07, 2025 Halifax, NS – Eastlink announced today a four-year partnership with 49erFX sailors and sisters, Antonia and Georgia Lewin-LaFrance as they set sail for the 2028 Olympics in LA.",https://www.eastlink.ca/news-release/eastlink-announces-support-for-lewin-lafrance-journey-to-the-olympics/,2025-05-07
,Cogeco,Cogeco and Cogeco Communications Schedule the Release of Their Financial Results for the First Quarter of Fiscal 2026 and Related Conference Call,https://corpo.cogeco.com/cca/en/press-room/press-releases/cogeco-and-cogeco-communications-schedule-release-their-financial-results-first-quarter-fiscal-2026-and-related-conference-call/,2025-12-16
,Cogeco,Cogeco Communications to Participate in the Desjardins Toronto Conference,https://corpo.cogeco.com/cca/en/press-room/press-releases/cogeco-communications-participate-desjardins-toronto-conference/,2025-11-17
,Cogeco,Cogeco Communications announces Q4 2025 financial results,https://corpo.cogeco.com/cca/en/press-room/press-releases/cogeco-communications-announces-q4-2025-financial-results/,2025-10-29
,Cogeco,Cogeco announces major expansion as a competitive force across most of Québec,https://corpo.cogeco.com/cca/en/press-room/press-releases/cogeco-announces-major-expansion-competitive-force-across-most-quebec/,2025-10-23
,Cogeco,"Cogeco expands mobile service to more than 350 new municipalities, bringing more choice to Canadians",https://corpo.cogeco.com/cca/en/press-room/press-releases/cogeco-expands-mobile-service-more-350-new-municipalities-bringing-more-choice-canadians/,2025-10-15
,Cogeco,Cogeco and Cogeco Communications Schedule the Release of their Financial Results for the Fourth Quarter of Fiscal 2025 and Related Conference Call,https://corpo.cogeco.com/cca/en/press-room/press-releases/cogeco-and-cogeco-communications-schedule-release-their-financial-results-fourth-quarter-fiscal-2025-and-related-conference-call/,2025-09-24
,Cogeco,Cogeco Communications to Participate in the CIBC Eastern Institutional Investor Conference,https://corpo.cogeco.com/cca/en/press-room/press-releases/cogeco-communications-participate-cibc-eastern-institutional-investor-conference/,2025-09-18
,Cogeco,"Cogeco to Launch Internet Service in Five New Markets in Quebec, Available to More Than 300,000 New Homes",https://corpo.cogeco.com/cca/en/press-room/press-releases/cogeco-launch-internet-service-five-new-markets-quebec-available-more-300000-new-homes/,2025-09-16
,Cogeco,Cogeco Communications to Participate in the BMO 2025 TMT Conference,https://corpo.cogeco.com/cca/en/press-room/press-releases/cogeco-communications-participate-bmo-2025-tmt-conference/,2025-09-02
,Cogeco,Cogeco launches mobile service in 13 markets with an introductory one-year free offer,https://corpo.cogeco.com/cca/en/press-room/press-releases/cogeco-launches-mobile-service-13-markets-introductory-one-year-free-offer/,2025-07-30
,Cogeco,Cogeco Communications Announces Q3 2025 Financial Results and Canadian Wireless Launch,https://corpo.cogeco.com/cca/en/press-room/press-releases/cogeco-communications-announces-q3-2025-financial-results-and-canadian-wireless-launch/,2025-07-15
,Cogeco,Cogeco and Cogeco Communications Schedule the Release of their Financial Results for the Third Quarter of Fiscal 2025 and Related Conference Call,https://corpo.cogeco.com/cca/en/press-room/press-releases/cogeco-and-cogeco-communications-schedule-release-their-financial-results-third-quarter-fiscal-2025-and-related-conference-call/,2025-06-18
,Cogeco,Cogeco Communications to Participate in the TD Securities 2025 Telecom & Media Conference,https://corpo.cogeco.com/cca/en/press-room/press-releases/cogeco-communications-participate-td-securities-2025-telecom-media-conference/,2025-05-07
,Cogeco,Cogeco Communications Releases its Financial Results for the Second Quarter of Fiscal 2025,https://corpo.cogeco.com/cca/en/press-room/press-releases/cogeco-communications-releases-its-financial-results-second-quarter-fiscal-2025/,2025-04-09
,Cogeco,Cogeco and Cogeco Communications Schedule the Release of their Financial Results for the Second Quarter of Fiscal 2025 and Related Conference Call,https://corpo.cogeco.com/cca/en/press-room/press-releases/cogeco-and-cogeco-communications-schedule-release-their-financial-results-second-quarter-fiscal-2025-and-related-conference-call/,2025-03-11
,Cogeco,Cogeco Communications to Participate in the 28th Annual Scotiabank TMT Conference,https://corpo.cogeco.com/cca/en/press-room/press-releases/cogeco-communications-participate-28th-annual-scotiabank-tmt-conference/,2025-02-25
,Cogeco,Cogeco Communications Announces Private Offering of $325 Million 4.743% Senior Secured Notes,https://corpo.cogeco.com/cca/en/press-room/press-releases/cogeco-communications-announces-private-offering-325-million-4743-senior-secured-notes/,2025-02-04
,Cogeco,Cogeco Communications Inc. Announces Voting Results on the Election of Directors Held During its Annual Shareholders' Meeting,https://corpo.cogeco.com/cca/en/press-room/press-releases/cogeco-communications-inc-announces-voting-results-election-directors-held-during-its-annual-shareholders-meeting-6/,2025-01-15
,Cogeco,Cogeco Communications Releases its Financial Results for the First Quarter of Fiscal 2025,https://corpo.cogeco.com/cca/en/press-room/press-releases/cogeco-communications-releases-its-financial-results-first-quarter-fiscal-2025/,2025-01-13
